"state","county","kfr_pooled_pooled_p25","kfr_pooled_pooled_p75"
0,0,0.427177483715711,0.590822926628429
1,0,0.372330552835821,0.566847905373134
1,1,0.36166623,0.57468069
1,3,0.38884708,0.56552559
1,5,0.34938559,0.56058258
1,7,0.36339074,0.57080209
1,9,0.39187884,0.57104212
1,11,0.34565896,0.52998072
1,13,0.35724857,0.58619118
1,15,0.36184675,0.55500966
1,17,0.34057492,0.53012669
1,19,0.36542159,0.54840899
1,21,0.38805655,0.56338155
1,23,0.3969731,0.56743157
1,25,0.38430709,0.57921928
1,27,0.40678033,0.58067542
1,29,0.4124786,0.59801739
1,31,0.38671088,0.57769346
1,33,0.3732456,0.57323307
1,35,0.36797199,0.57541531
1,37,0.35266301,0.5453282
1,39,0.4055416,0.63682741
1,41,0.40949893,0.59719294
1,43,0.40455472,2.3792225
1,45,0.38080323,0.55816543
1,47,0.33595914,0.54137111
1,49,0.39647737,0.57787067
1,51,0.37799388,0.56443429
1,53,0.3677946,0.59559512
1,55,0.36484614,0.56799001
1,57,0.40141243,0.62362379
1,59,0.40572405,0.59884959
1,61,0.39071053,0.60027987
1,63,0.3280988,0.4878909
1,65,0.35585302,0.56535083
1,67,0.35838878,0.56548125
1,69,0.35789412,0.56085885
1,71,0.39407125,0.58203334
1,73,0.34393278,0.55002326
1,75,0.42915851,0.61646241
1,77,0.3963314,0.57775289
1,79,0.38764086,0.56848735
1,81,0.36433998,0.56189781
1,83,0.36662039,0.55319273
1,85,0.329528,0.52446371
1,87,0.3151837,0.47570068
1,89,0.36340868,0.55121559
1,91,0.37045205,0.5772683
1,93,0.39463562,0.58897042
1,95,0.38712749,0.57254231
1,97,0.35896039,0.56304896
1,99,0.36833104,0.56951386
1,101,0.32733279,0.5484224
1,103,0.36942601,0.55040759
1,105,0.33660656,0.56934536
1,107,0.36965418,0.60871708
1,109,0.36580148,0.58647507
1,111,0.37275833,0.55965042
1,113,0.331193,0.50683576
1,115,0.39964822,0.55557328
1,117,0.41377839,0.57818031
1,119,0.34428778,0.50349522
1,121,0.35622436,0.55482185
1,123,0.3650265,0.58473849
1,125,0.35644168,0.55680418
1,127,0.37566268,0.55206162
1,129,0.41849449,0.5957486
1,131,0.3492828,0.57216722
1,133,0.38814789,0.59305483
2,0,0.343465325517241,0.464646522068966
2,13,0.34843248,0.38571924
2,16,0.34952685,0.46880352
2,20,0.39022613,0.51729953
2,50,0.24522647,0.35535818
2,60,0.30094439,0.35852498
2,68,0.31032866,0.56859523
2,70,0.30598083,0.48680943
2,90,0.39939216,0.51243752
2,100,0.4371523,0.58729035
2,105,0.23737538,0.49423927
2,110,0.37157425,0.51505297
2,122,0.41978163,0.51474333
2,130,-0.0775312,0.49583873
2,150,0.43025735,0.46394512
2,158,0.2158971,0.27309239
2,164,0.30806768,0.38330567
2,170,0.39588046,0.4883869
2,180,0.24851827,0.44755268
2,185,0.28824368,0.38746586
2,188,0.24227615,0.37888306
2,195,0.44674322,0.48706123
2,198,0.2986097,0.47330433
2,220,0.41343737,0.46010202
2,230,0.51409113,0.60647953
2,240,0.42866734,0.48227262
2,261,0.3969363,0.50141752
2,275,0.38835242,0.47123542
2,282,-0.1388547,0.46368065
2,290,0.27879399,0.44585186
4,0,0.394139249333333,0.546727372
4,1,0.33915681,0.46284851
4,3,0.41243395,0.55870807
4,5,0.40403309,0.55523813
4,7,0.39617312,0.55701178
4,9,0.4117319,0.58011138
4,11,0.44606653,0.59727049
4,12,0.37949997,0.52848154
4,13,0.39858052,0.5531649
4,15,0.39757812,0.54264766
4,17,0.37639859,0.54127431
4,19,0.38399237,0.5427826
4,21,0.36687279,0.52574033
4,23,0.38348687,0.55012977
4,25,0.4318611,0.55463278
4,27,0.38422301,0.55086833
5,0,0.3912610076,0.574292364533333
5,1,0.35955381,0.5730471
5,3,0.37255526,0.57005924
5,5,0.41312975,0.57500184
5,7,0.42820385,0.58027971
5,9,0.41718379,0.59848464
5,11,0.36967647,0.59717667
5,13,0.41484836,0.59984767
5,15,0.43037787,0.54531807
5,17,0.34589764,0.57708609
5,19,0.39639875,0.59966189
5,21,0.40700525,0.57024086
5,23,0.41772431,0.58349347
5,25,0.43524539,0.57828206
5,27,0.36223033,0.5988695
5,29,0.40632898,0.61012876
5,31,0.39591953,0.56580985
5,33,0.38996616,0.55780059
5,35,0.33124423,0.55033058
5,37,0.3735705,0.56027311
5,39,0.37491551,0.60148215
5,41,0.36001599,0.55647153
5,43,0.36812791,0.58107525
5,45,0.40832007,0.5797435
5,47,0.41591936,0.58835101
5,49,0.41703022,0.54832572
5,51,0.37727845,0.57141823
5,53,0.41122073,0.5897193
5,55,0.39618325,0.57754344
5,57,0.35957634,0.56839812
5,59,0.37737459,0.5781405
5,61,0.39111823,0.58400291
5,63,0.40738338,0.58490431
5,65,0.39725721,0.58067
5,67,0.36290771,0.58157122
5,69,0.33640218,0.53562033
5,71,0.40672851,0.5803619
5,73,0.35205176,0.61569071
5,75,0.39864597,0.58271778
5,77,0.35436222,0.57262123
5,79,0.3787449,0.587107
5,81,0.39364776,0.53995913
5,83,0.39898005,0.60917598
5,85,0.38053194,0.56426823
5,87,0.43956083,0.60216153
5,89,0.40492791,0.55296874
5,91,0.37120056,0.55988413
5,93,0.34071478,0.56328416
5,95,0.37839964,0.59266263
5,97,0.41945341,0.52614552
5,99,0.37468189,0.57934028
5,101,0.4344652,0.56337482
5,103,2.0820037,0.55986047
5,105,0.41772452,0.5820868
5,107,0.32216185,0.51681429
5,109,0.41889343,0.62432003
5,111,0.36081532,0.56524152
5,113,0.42600602,0.58190316
5,115,0.40715635,0.57567436
5,117,0.41591874,0.54695058
5,119,0.34691188,0.54877329
5,121,0.41706014,0.59183472
5,123,0.3393988,0.52074403
5,125,0.38589579,0.56349903
5,127,0.41697285,0.5414409
5,129,0.4302806,0.59823138
5,131,0.38598964,0.57264924
5,133,0.41784802,0.60232699
5,135,0.41550666,0.53038335
5,137,0.43088451,0.56881541
5,139,0.35887739,0.57851887
5,141,0.42880493,0.59827989
5,143,0.40926707,0.58868754
5,145,0.42487273,0.59126586
5,147,0.35425344,0.59054273
5,149,0.39004129,0.54272991
6,0,0.429715463448276,0.569801905
6,1,0.4454354,0.58291554
6,3,0.35494533,0.54102969
6,5,0.46767178,0.57016456
6,7,0.4174532,0.56688011
6,9,0.43895984,0.54988515
6,11,0.43434104,0.6022085
6,13,0.43915075,0.58523613
6,15,0.39385891,0.51936036
6,17,0.46889934,0.58054692
6,19,0.39173633,0.56445307
6,21,0.407442,0.57303113
6,23,0.40055817,0.55177826
6,25,0.36645997,0.55503798
6,27,0.45439193,0.59505361
6,29,0.42490715,0.57460868
6,31,0.39569581,0.55364412
6,33,0.42103842,0.54714525
6,35,0.42902815,0.57695186
6,37,0.43123019,0.55503678
6,39,0.39287484,0.55686182
6,41,0.47873285,0.60280478
6,43,0.46297544,0.55258805
6,45,0.39904401,0.54129499
6,47,0.40979525,0.55231059
6,49,0.44629347,0.62914389
6,51,0.43463239,0.63460708
6,53,0.40575898,0.55421764
6,55,0.43577325,0.57874703
6,57,0.45311219,0.56103224
6,59,0.46124375,0.58136308
6,61,0.46106142,0.58100498
6,63,0.43394718,0.55308527
6,65,0.4091011,0.53978652
6,67,0.42372814,0.55795264
6,69,0.41333178,0.54864794
6,71,0.41319978,0.54432499
6,73,0.42578506,0.56923056
6,75,0.50388849,0.60762125
6,77,0.4109748,0.55713648
6,79,0.44881001,0.57322663
6,81,0.47538444,0.6107105
6,83,0.43162468,0.56614482
6,85,0.47475955,0.59532827
6,87,0.41556695,0.55925018
6,89,0.42409173,0.5665766
6,91,0.45638773,0.5597502
6,93,0.44827986,0.58870411
6,95,0.42531589,0.56061792
6,97,0.4450615,0.57877809
6,99,0.41757643,0.55765837
6,101,0.43230522,0.5841943
6,103,0.41335842,0.56363916
6,105,0.4283205,0.56505787
6,107,0.40219763,0.5696038
6,109,0.44813046,0.57949519
6,111,0.42867219,0.56865728
6,113,0.43536642,0.58547282
6,115,0.41382939,0.56691486
8,0,0.46070075640625,0.5916560759375
8,1,0.40674448,0.56069374
8,3,0.40989545,0.59271777
8,5,0.44163319,0.5915181
8,7,0.45483515,3.4954077
8,9,0.51706058,0.61198568
8,11,0.38204563,0.57375777
8,13,0.44868073,0.57925403
8,14,0.4738498,0.5943858
8,15,0.46554208,0.60253817
8,17,0.58097589,0.57304823
8,19,0.5012961,0.58567864
8,21,0.49919999,0.61654192
8,23,0.38670185,0.49224061
8,25,0.40648493,0.63062912
8,27,0.48927975,0.54237264
8,29,0.469383,0.61465484
8,31,0.3797124,0.5435456
8,33,0.47992218,0.61542141
8,35,0.48243368,0.59956604
8,37,0.45891118,0.57497287
8,39,0.48969987,0.57103312
8,41,0.41038227,0.56008703
8,43,0.43079603,0.56511986
8,45,0.46674812,0.58575433
8,47,0.44016194,0.5531283
8,49,0.50747639,0.52991891
8,51,0.48710701,0.6190061
8,53,0.4694798,0.53081977
8,55,0.39785537,0.58168811
8,57,0.5464769,0.62204695
8,59,0.45357713,0.58885032
8,61,0.51521695,0.62456989
8,63,0.51277345,0.65194213
8,65,0.40600955,0.55899537
8,67,0.48602137,0.58324969
8,69,0.45867237,0.58835393
8,71,0.451882,0.56793243
8,73,0.46279272,0.64117742
8,75,0.47186178,0.6471498
8,77,0.4522244,0.58809304
8,79,0.29437235,0.47628114
8,81,0.46070582,0.59480733
8,83,0.42987108,0.57282698
8,85,0.43678197,0.57784557
8,87,0.45381156,0.63103575
8,89,0.42360386,0.59255219
8,91,0.55626214,0.58370107
8,93,0.46367955,0.56003815
8,95,0.49150434,-0.0682093
8,97,0.45833528,0.57086855
8,99,0.43874875,0.59457183
8,101,0.38340402,0.56220275
8,103,0.50190043,0.67994565
8,105,0.41259763,0.59048849
8,107,0.49743322,0.61187154
8,109,0.43400729,0.59235662
8,111,0.47306028,0.71491635
8,113,0.5124836,0.60718882
8,115,0.50416535,0.65753126
8,117,0.51823843,0.58713841
8,119,0.44341394,0.56694865
8,121,0.50372368,0.61274207
8,123,0.42962784,0.59867239
8,125,0.51131254,0.6783253
9,0,0.42726456125,0.59565349625
9,1,0.43153313,0.60456848
9,3,0.41020817,0.59926689
9,5,0.44172055,0.60099715
9,7,0.44725719,0.60273927
9,9,0.41662863,0.59462267
9,11,0.4089697,0.57809353
9,13,0.45716244,0.61153769
9,15,0.40463668,0.57340229
10,0,0.37555003,0.569397886666667
10,1,0.38084885,0.56796497
10,3,0.364562,0.5665313
10,5,0.38123924,0.57369739
11,0,0.34881705,0.51419818
11,1,0.34881705,0.51419818
12,0,0.379140769701493,0.544110616865672
12,1,0.37195468,0.55687994
12,3,0.37410435,0.55173564
12,5,0.38076016,0.54637617
12,7,0.35476565,0.54015774
12,9,0.38699719,0.5377304
12,11,0.39492157,0.55022568
12,13,0.36535478,0.56678593
12,15,0.4138647,0.54725057
12,17,0.39459139,0.53611261
12,19,0.38812372,0.54012126
12,21,0.41089547,0.55642551
12,23,0.35454869,0.53528214
12,27,0.35680911,0.5339368
12,29,0.35048658,0.52209085
12,31,0.34949052,0.53108019
12,33,0.36745942,0.5400883
12,35,0.41597086,0.5326997
12,37,0.33930191,0.4791967
12,39,0.30693579,0.5053761
12,41,0.38361052,0.53314698
12,43,0.43561956,0.61137605
12,45,0.34612128,0.5362801
12,47,0.37324214,0.5386343
12,49,0.39809197,0.56695318
12,51,0.35903201,0.52393115
12,53,0.39272451,0.52522498
12,55,0.3806411,0.53862935
12,57,0.37248695,0.5487473
12,59,0.39643642,0.5844934
12,61,0.37981397,0.54183638
12,63,0.37096369,0.55249125
12,65,0.35019913,0.54069805
12,67,0.42304373,0.59459096
12,69,0.37429526,0.53385377
12,71,0.38689688,0.55154121
12,73,0.36272386,0.54973418
12,75,0.37300131,0.53982162
12,77,0.37013546,0.61337215
12,79,0.33824599,0.55071974
12,81,0.36720231,0.54141384
12,83,0.37483612,0.54146624
12,85,0.4137814,0.56208152
12,86,0.40987024,0.55367124
12,87,0.42227647,0.53355044
12,89,0.37142292,0.53995943
12,91,0.39775303,0.54986459
12,93,0.36493546,0.53986067
12,95,0.37686664,0.53704953
12,97,0.39356777,0.52374959
12,99,0.38884383,0.54793185
12,101,0.38149172,0.53922278
12,103,0.38062713,0.54589581
12,105,0.36624971,0.54496425
12,107,0.35269606,0.5157584
12,109,0.39194059,0.55641252
12,111,0.36854619,0.52237231
12,113,0.39503312,0.55135757
12,115,0.40280822,-0.0181308
12,117,0.41525102,0.5633592
12,119,0.36445725,0.5376631
12,121,0.38748422,0.53883773
12,123,0.3646208,0.52436417
12,125,0.36936569,0.55309963
12,127,0.38216206,0.53587502
12,129,0.38506991,0.52930957
12,131,0.38342035,0.53277004
12,133,0.38518906,0.54805917
13,0,0.360726584591195,0.546560473773585
13,1,0.37376833,0.57358396
13,3,0.37468207,0.49550328
13,5,0.36685267,0.56925052
13,7,0.32751971,0.51985395
13,9,0.3288132,0.53583002
13,11,0.38752827,0.57441437
13,13,0.38124853,0.54229796
13,15,0.36736608,0.53517145
13,17,0.36474583,0.55829102
13,19,0.37655136,0.53793383
13,21,0.32279578,0.52598238
13,23,0.3481538,0.56522989
13,25,0.37438467,0.55251104
13,27,0.35023898,0.54251969
13,29,0.38946643,0.55469704
13,31,0.35509628,0.56849724
13,33,0.35399163,0.57180643
13,35,0.35340184,0.53900665
13,37,0.33009776,0.54806578
13,39,0.3872731,0.54149085
13,43,0.34475386,-0.0390864
13,45,0.37341574,0.56081593
13,47,0.38794801,0.54718202
13,49,0.39031464,0.55137968
13,51,0.34380978,0.52869982
13,53,0.35445163,0.55550581
13,55,0.36703864,0.53060162
13,57,0.42413217,0.55806857
13,59,0.34213948,0.54987025
13,61,0.32996228,0.49297193
13,63,0.33659592,0.49176136
13,65,0.33864579,0.55704105
13,67,0.39268443,0.57447404
13,69,0.37101632,0.56221545
13,71,0.34719747,0.55118817
13,73,-0.1443498,0.57166994
13,75,0.34277099,0.54944855
13,77,0.36058399,0.54080099
13,79,0.34779364,0.51099133
13,81,0.32887796,0.54920214
13,83,0.41519946,0.5639351
13,85,0.39285767,0.53869969
13,87,0.35783383,0.56745964
13,89,0.32836989,0.50175858
13,91,0.36453989,0.56557566
13,93,0.33504042,0.53484517
13,95,0.31292447,0.49822101
13,97,0.3723354,0.53402203
13,99,2.2501059,0.56177151
13,101,0.38110125,0.59063697
13,103,0.40765083,0.55623293
13,105,0.35258234,0.54856586
13,107,0.37680003,0.58736128
13,109,0.34484532,0.57452816
13,111,0.38920122,0.53521019
13,113,0.4430989,0.58319277
13,115,0.35719195,0.54320043
13,117,0.42327446,0.57478893
13,119,0.3892276,0.55892026
13,121,0.32785976,0.54383171
13,123,0.37451908,0.5407331
13,125,0.3542777,0.53453594
13,127,0.34872431,0.51979458
13,129,0.37279746,0.56329441
13,131,0.35662955,0.56215787
13,133,0.34030974,0.55268306
13,135,0.42453167,0.5750258
13,137,0.39084926,0.57263494
13,139,0.37572902,0.55465043
13,141,0.31692547,0.48457688
13,143,0.37155288,0.56469971
13,145,0.36823243,0.54161185
13,147,0.38275063,0.55887771
13,149,0.36146966,0.52814043
13,151,0.37754801,0.53979331
13,153,0.36970398,0.54831368
13,155,0.36064276,0.54270726
13,157,0.3762444,0.53658724
13,159,0.34101135,0.52098513
13,161,0.35453621,0.54344767
13,163,0.34034786,0.56839848
13,165,0.34418809,0.53404242
13,167,0.3751179,0.56831527
13,169,0.36956027,0.51664937
13,171,0.35533702,0.52911776
13,173,0.33866939,0.54289597
13,175,0.35055667,0.55104214
13,177,0.40468574,0.55385756
13,179,0.36844605,0.5141145
13,181,0.36981088,0.56756026
13,183,0.3654083,0.51409858
13,185,0.3556807,0.56450421
13,187,0.38906109,0.52312577
13,189,0.34669882,0.54416001
13,191,0.344964,0.44746509
13,193,0.33477706,0.51876253
13,195,0.37192518,0.55561125
13,197,0.36426637,0.54680157
13,199,0.34179065,0.52384418
13,201,0.37469891,0.54477978
13,205,0.34580582,0.56161118
13,207,0.3620407,0.53266025
13,209,0.34486789,0.59250528
13,211,0.34623483,0.55011928
13,213,0.34863895,0.52586752
13,215,0.33414599,0.52894759
13,217,0.34475094,-0.1136504
13,219,0.42605117,0.58120561
13,221,0.36557311,0.547454
13,223,0.3835583,0.535092
13,225,0.34030351,0.52350563
13,227,0.38315809,0.54922563
13,229,0.38134772,0.57766181
13,231,0.38320851,0.53672737
13,233,0.35746813,0.53041697
13,235,0.34375685,0.56950003
13,237,0.33250841,0.49260032
13,239,0.31750682,0.49603245
13,241,0.38720283,0.52946979
13,243,0.33470571,0.56080568
13,245,0.33421153,0.50476295
13,247,0.37823179,0.5484302
13,249,0.39817607,0.54188395
13,251,0.35279605,0.54874343
13,253,0.34966087,0.51974416
13,255,0.33317184,0.52886969
13,257,0.37938014,0.5687533
13,259,0.32039854,0.51811528
13,261,0.33134979,0.54738832
13,263,0.34088269,0.51618356
13,265,0.32024187,0.55801564
13,267,0.37139812,0.54371083
13,269,0.33863109,0.56511223
13,271,0.35263467,0.61108923
13,273,0.3116523,0.57561195
13,275,0.35119915,0.57547957
13,277,0.33537623,0.56123704
13,279,0.36008126,0.56044769
13,281,0.40426123,0.57505685
13,283,0.37015605,0.60469854
13,285,0.33804658,0.548352
13,287,0.34095162,0.57213461
13,289,0.34532323,0.49413654
13,291,0.40268475,0.55877709
13,293,0.34327269,0.54886794
13,295,0.36523792,0.53282136
13,297,0.35753387,0.55060577
13,299,0.36017606,0.57348865
13,301,0.32335684,0.53594297
13,303,0.33435628,0.54136592
13,305,0.36527106,0.54894507
13,307,0.3635129,0.58634704
13,309,0.35542291,0.55504352
13,311,0.42383248,0.56295711
13,313,0.35674581,0.55326694
13,315,0.36384284,0.57887161
13,317,0.35652182,0.58291548
13,319,0.32270512,0.49786702
13,321,0.35761192,0.53625298
15,0,0.43562939,0.5593013925
15,1,0.41295773,0.54470277
15,3,0.45602056,0.57804769
15,7,0.43793973,0.56226963
15,9,0.43559954,0.55218548
16,0,0.468853096363636,0.594001962045455
16,1,0.43062603,0.56590587
16,3,0.50101757,0.5225991
16,5,0.42854518,0.57361645
16,7,0.53048104,0.64117712
16,9,0.4399026,0.5913471
16,11,0.46504906,0.60449982
16,13,0.45624241,0.56110269
16,15,0.44466484,0.53287584
16,17,0.4619042,0.57347167
16,19,0.44137359,0.58569282
16,21,0.47911727,0.60044158
16,23,0.49656436,0.60277438
16,25,0.41879675,0.53713977
16,27,0.41242597,0.5587365
16,29,0.51762152,0.60765374
16,31,0.4589161,0.61600006
16,33,0.50695574,0.58394694
16,35,0.48161909,0.62511939
16,37,0.55008233,0.64215803
16,39,0.42867124,0.58409071
16,41,0.52914071,0.62385529
16,43,0.47315502,0.6127817
16,45,0.44892702,0.58319914
16,47,0.45613462,0.61245644
16,49,0.49271488,0.62105757
16,51,0.50186622,0.60484982
16,53,0.44817823,0.60549349
16,55,0.44958007,0.57016146
16,57,0.47838426,0.60051805
16,59,0.47074503,0.57914329
16,61,0.45404363,0.68147141
16,63,0.48970199,0.60168952
16,65,0.51536697,0.63218552
16,67,0.45633942,0.63382256
16,69,0.43429041,0.5690614
16,71,0.54170579,0.60932994
16,73,0.45562488,0.57094514
16,75,0.42196861,0.58812034
16,77,0.45477277,0.59923673
16,79,0.42134413,0.57569051
16,81,0.52379525,0.6002515
16,83,0.44669428,0.58793408
16,85,0.45759839,0.57285452
16,87,0.45688677,0.58962733
17,0,0.433241360980392,0.610823195490196
17,1,0.42879194,0.62924188
17,3,0.32211855,0.51566094
17,5,0.41647035,0.61903214
17,7,0.41497758,0.56612664
17,9,0.42439929,0.64115882
17,11,0.45156419,0.62908131
17,13,0.52290136,0.67761528
17,15,0.47302896,0.6064949
17,17,0.42147365,0.62504601
17,19,0.40266365,0.59859824
17,21,0.43050331,0.60824901
17,23,-0.016485,0.61977971
17,25,0.42199692,0.64656574
17,27,0.47838074,0.65654629
17,29,0.40333819,0.58395201
17,31,0.38461408,0.58158344
17,33,0.43724287,0.61349589
17,35,0.44537684,0.62340736
17,37,0.4313046,0.59913158
17,39,0.42762977,0.57191956
17,41,0.47396854,0.61615676
17,43,0.48398623,0.62476873
17,45,0.41870713,0.60119843
17,47,0.46676019,0.61750275
17,49,0.46500161,0.65468729
17,51,0.42956212,0.62428576
17,53,0.46515602,0.62371063
17,55,0.42489561,0.59445822
17,57,0.41825032,0.5982542
17,59,0.45408115,0.64318013
17,61,0.43875042,0.61237383
17,63,0.43544772,0.61819768
17,65,0.46965456,0.63602144
17,67,0.49484143,0.63725179
17,69,0.44687796,0.60187805
17,71,0.47010902,0.64071029
17,73,0.4554241,0.63058585
17,75,0.45289558,0.62511384
17,77,0.40974066,0.58469123
17,79,0.4994401,0.64790434
17,81,0.3946574,0.59789044
17,83,0.44170195,0.6063509
17,85,0.51140821,0.62388581
17,87,0.4195596,0.59906811
17,89,0.39975157,0.58508492
17,91,0.39598995,0.59465885
17,93,0.45406237,0.59683985
17,95,0.40191913,0.60547256
17,97,0.41456291,0.59768724
17,99,0.43089336,0.60300565
17,101,0.40990335,0.63162607
17,103,0.4466539,0.61594093
17,105,0.43381014,0.62071592
17,107,0.4273026,0.61209041
17,109,0.45786658,0.62811208
17,111,0.46202949,0.60520196
17,113,0.42080611,0.59967077
17,115,0.37646765,0.59258717
17,117,0.43834057,0.61495036
17,119,0.39849702,0.58531404
17,121,0.40170267,0.58967817
17,123,0.42748693,0.61758369
17,125,0.3914668,0.61991251
17,127,0.37353873,0.57873785
17,129,0.43574932,0.60585833
17,131,0.47687036,0.62907147
17,133,0.48901716,0.62855721
17,135,0.43892664,0.63478327
17,137,0.40636027,0.60160744
17,139,0.47358412,0.59286523
17,141,0.4352268,0.59744376
17,143,0.36895794,0.58337742
17,145,0.42347324,0.61071497
17,147,0.44767785,0.6166116
17,149,0.47426876,0.64209646
17,151,0.41315404,0.57740796
17,153,0.38525611,0.53378552
17,155,0.46053743,0.61311162
17,157,0.45132351,0.64046907
17,159,0.44004682,0.63063747
17,161,0.40992674,0.59791565
17,163,0.36866993,0.58716035
17,165,0.42311797,0.61276484
17,167,0.3796902,0.58848643
17,169,0.43232608,0.62511027
17,171,0.4539035,0.63944447
17,173,0.45742145,0.63467091
17,175,0.44010982,0.62784505
17,177,0.40041533,0.59429842
17,179,0.41260421,0.59462756
17,181,0.41582689,0.60283053
17,183,0.38480783,0.58223152
17,185,0.47200423,0.63324183
17,187,0.43687811,0.60363907
17,189,0.48505965,0.64440787
17,191,0.44733635,0.63605309
17,193,0.46639982,0.62018043
17,195,0.42466298,0.60144538
17,197,0.41075709,0.59489197
17,199,0.40720248,0.58511275
17,201,0.37577266,0.56173855
17,203,0.45278448,0.62978595
18,0,0.412006703043478,0.585457622608696
18,1,0.43990657,0.62769586
18,3,0.38412887,0.58048129
18,5,0.37861368,0.57126164
18,7,0.49011004,0.64326721
18,9,0.38065884,0.54595286
18,11,0.41333297,0.59562564
18,13,0.39675647,0.51936144
18,15,0.42828009,0.59487891
18,17,0.39768347,0.58698589
18,19,0.38787073,0.56448931
18,21,0.40795058,0.59761256
18,23,0.39960414,0.57707763
18,25,0.41521049,0.54594141
18,27,0.4592323,0.60397589
18,29,0.41568676,0.58395237
18,31,3.7478666,0.61566627
18,33,0.40510637,0.58594203
18,35,0.35640246,0.55484128
18,37,0.49933162,0.67126811
18,39,0.41013399,0.58013207
18,41,0.35974202,0.52617455
18,43,0.38521203,0.58220422
18,45,0.42933741,0.59922135
18,47,0.43506423,0.59933084
18,49,0.420252,0.6026994
18,51,0.44826996,0.61886948
18,53,0.35831994,0.54510027
18,55,0.42180967,0.58576679
18,57,0.438759,0.60059887
18,59,0.40661421,0.58378989
18,61,0.42563918,0.58947235
18,63,0.43114406,0.59206486
18,65,0.3753731,0.55364603
18,67,0.37289581,0.53138918
18,69,0.38585004,0.58623445
18,71,0.40978301,0.58319539
18,73,0.47309899,0.61945558
18,75,0.40656698,0.56706303
18,77,0.40975583,0.59029961
18,79,0.39321262,0.55750996
18,81,0.40886876,0.57591158
18,83,0.42885551,0.62239975
18,85,0.42852128,0.58252466
18,87,0.51378554,0.59807134
18,89,0.38606632,0.57452667
18,91,0.38435507,0.56777793
18,93,0.37797639,0.55358398
18,95,0.35349786,0.53960949
18,97,0.34407961,0.54006559
18,99,0.42408949,0.59951055
18,101,0.43238047,0.60529649
18,103,0.40072259,0.55622667
18,105,0.38870627,0.56749356
18,107,0.41177174,0.58853823
18,109,0.38895485,0.55561954
18,111,0.43447748,0.59892231
18,113,0.42344618,0.59046948
18,115,0.4250856,0.57973278
18,117,0.40780261,0.58667338
18,119,0.38821617,0.55353302
18,121,0.43263304,0.59861028
18,123,0.42909962,0.63094133
18,125,0.42052028,0.63900328
18,127,0.4322677,0.58883351
18,129,0.42544425,0.61454248
18,131,0.43988496,0.61256075
18,133,0.41275617,0.57343459
18,135,0.40808538,0.5881983
18,137,0.43696615,0.62169117
18,139,0.4148075,0.60609388
18,141,0.38336051,0.58342171
18,143,0.36708224,0.54461473
18,145,0.39811197,0.57398671
18,147,0.45960513,0.64005238
18,149,0.40425363,0.57594502
18,151,0.41969121,0.58082432
18,153,0.41892534,0.62701911
18,155,0.42358944,0.54649484
18,157,0.41734788,0.59559005
18,159,0.41064808,0.59771204
18,161,0.43043512,0.56175041
18,163,0.3814913,0.58892792
18,165,0.3837181,0.58260804
18,167,0.38801858,0.57741809
18,169,0.38540554,0.58355957
18,171,0.43126565,0.61536008
18,173,0.42642283,0.60994029
18,175,0.40074772,0.56985086
18,177,0.36517343,0.56169564
18,179,0.43372786,0.60912085
18,181,0.45897195,0.58828616
18,183,0.44391331,0.57703012
19,0,0.501038981717172,0.650365708585859
19,1,0.50461859,0.61884063
19,3,0.5095613,0.6692028
19,5,0.52721387,0.67875338
19,7,0.46017158,0.63581812
19,9,0.55742055,0.71625286
19,11,0.52106124,0.63959718
19,13,0.42956656,0.61998588
19,15,0.48359641,0.63712329
19,17,0.53109479,0.66795367
19,19,0.53037298,0.65310305
19,21,0.48461235,0.68822485
19,23,0.54333979,0.6801694
19,25,0.50944644,0.67513502
19,27,0.58958238,0.70173061
19,29,0.49927804,0.64574391
19,31,0.51325929,0.65813202
19,33,0.46855336,0.63142705
19,35,0.54719996,0.67085344
19,37,0.56015509,0.6939621
19,39,0.46185353,0.64443368
19,41,0.50383073,0.64592296
19,43,0.54263449,0.67443854
19,45,0.45923761,0.62562698
19,47,0.51571286,0.68177557
19,49,0.48483068,0.62742436
19,51,0.4862783,0.6197443
19,53,0.4724322,0.62851405
19,55,0.56759489,0.67063493
19,57,0.41981485,0.60655415
19,59,0.49695775,0.65408564
19,61,0.51326174,0.66482681
19,63,0.5146054,0.65384775
19,65,0.51377302,0.66770399
19,67,0.50077283,0.67109925
19,69,0.50329876,0.64330983
19,71,0.46658877,0.64952242
19,73,0.49935845,0.66935378
19,75,0.53651685,0.67223966
19,77,0.51752061,0.66038597
19,79,0.47511137,0.6457932
19,81,0.5377174,0.65102977
19,83,0.50678074,0.68424684
19,85,0.49009487,0.64748919
19,87,0.46819261,0.62990588
19,89,0.54130363,0.65654653
19,91,0.52876306,0.69203907
19,93,0.54538429,0.66740781
19,95,0.52879578,0.65129137
19,97,0.51322109,0.65463525
19,99,0.46030825,0.61598814
19,101,0.47219929,0.583031
19,103,0.47664461,0.61306918
19,105,0.525617,0.6587944
19,107,0.50303537,0.65976393
19,109,0.59000456,0.70227325
19,111,0.42758539,0.61280298
19,113,0.43809453,0.60795099
19,115,0.46049133,0.61466825
19,117,0.49340388,0.64530754
19,119,0.60139436,0.69002455
19,121,0.50549352,0.62002552
19,123,0.50390691,0.63475251
19,125,0.47746855,0.64271927
19,127,0.4319157,0.62457389
19,129,0.50342011,0.60370344
19,131,0.5479154,0.68718874
19,133,0.46591732,0.63176596
19,135,0.48454678,0.62858325
19,137,0.49002165,0.63341409
19,139,0.42926189,0.60442394
19,141,0.55409515,0.68634969
19,143,0.54105395,0.66515452
19,145,0.47664678,0.6485374
19,147,0.53614211,0.71636283
19,149,0.55127275,0.66224462
19,151,0.539994,0.70312279
19,153,0.42686203,0.6090818
19,155,0.42595309,0.60174036
19,157,0.50524914,0.64725935
19,159,0.50729686,0.675228
19,161,0.58579111,0.68423229
19,163,0.41829303,0.60584533
19,165,0.53484052,0.67201185
19,167,0.58474743,0.69802356
19,169,0.49748048,0.63910723
19,171,0.49370426,0.61485386
19,173,0.4988994,0.65766621
19,175,0.47277489,0.63678879
19,177,0.49306369,0.63378865
19,179,0.42218581,0.6283651
19,181,0.4768489,0.6308099
19,183,0.47520941,0.6354264
19,185,0.48688009,0.6561929
19,187,0.44889295,0.63424033
19,189,0.51862085,0.66889161
19,191,0.56284529,0.66223085
19,193,0.42699581,0.61337888
19,195,0.48495266,0.64981431
19,197,0.48427662,0.64079213
20,0,0.480017209142857,0.633627999904762
20,1,0.41169006,0.60579425
20,3,0.45896053,0.61956996
20,5,0.42228299,0.62868017
20,7,0.51159906,0.66850495
20,9,0.46441993,0.64259946
20,11,0.44513497,0.6103707
20,13,0.47078624,0.66939598
20,15,0.4360472,0.58382112
20,17,0.5193609,0.6382575
20,19,0.44809031,0.65422976
20,21,0.41945258,0.60040814
20,23,0.55817926,0.67636198
20,25,0.57412511,0.63486755
20,27,0.48393884,0.631751
20,29,0.5116666,0.63251525
20,31,0.49350631,0.61961848
20,33,0.47076565,0.75273478
20,35,0.42554131,0.58330292
20,37,0.42867494,0.60057205
20,39,0.55728889,0.675771
20,41,0.46563876,0.60070932
20,43,0.44859543,0.65081358
20,45,0.42703208,0.5771488
20,47,0.48299116,0.63649845
20,49,0.48936486,0.49823025
20,51,0.52755284,0.6492101
20,53,0.47912446,0.6969052
20,55,0.41161007,0.60344374
20,57,0.41245389,0.60906178
20,59,0.42218852,0.59961146
20,61,0.37681189,0.55589819
20,63,0.53695053,0.76486754
20,65,0.50316375,0.67499542
20,67,0.47192529,0.63323307
20,69,0.53135669,0.63651502
20,71,0.5674367,0.66965252
20,73,0.47692239,0.59793335
20,75,0.4444291,0.66794252
20,77,0.45272848,0.62760586
20,79,0.43555745,0.60088569
20,81,0.58617812,0.57636052
20,83,0.58044744,0.72606158
20,85,0.48021773,0.64235365
20,87,0.46568909,0.59525037
20,89,0.51125634,0.68061787
20,91,0.46767005,0.61126202
20,93,0.45364109,0.56879795
20,95,0.49144778,0.63052595
20,97,0.46065772,0.62393451
20,99,0.43611234,0.59576344
20,101,0.47038424,0.6634537
20,103,0.39216787,0.58202314
20,105,0.47715026,0.62364656
20,107,0.44525316,0.58338684
20,109,0.47967562,0.64060938
20,111,0.42970076,0.62726396
20,113,0.47835681,0.64259052
20,115,0.47457254,0.62188816
20,117,0.53589171,0.65699363
20,119,0.54597747,0.65452194
20,121,0.45447814,0.58902133
20,123,0.51268011,0.66805583
20,125,0.41240478,0.59029496
20,127,0.48142785,0.57933569
20,129,0.50386459,0.59188223
20,131,0.61351389,0.71705359
20,133,0.4473432,0.60906518
20,135,0.52363312,0.70080185
20,137,0.51253235,0.63017875
20,139,0.45189831,0.60789794
20,141,0.50732821,0.67590833
20,143,0.47734776,0.6332708
20,145,0.4515202,0.65521389
20,147,0.52574575,0.65505278
20,149,0.48593962,0.62905097
20,151,0.46636552,0.63469911
20,153,0.53060615,0.6744867
20,155,0.42142919,0.5997352
20,157,0.50931853,0.64227086
20,159,0.4635542,0.61411512
20,161,0.43735152,0.60422778
20,163,0.49481294,0.63422251
20,165,0.51195544,0.71609282
20,167,0.49514878,0.66763544
20,169,0.4225283,0.59661305
20,171,0.50198048,0.66335875
20,173,0.39217156,0.56856036
20,175,0.41903913,0.5925802
20,177,0.39075658,0.58572948
20,179,0.58926314,0.62981933
20,181,0.49950972,0.63105565
20,183,0.53331286,0.65815282
20,185,0.47259924,0.64357007
20,187,0.52495742,0.64971095
20,189,0.49168998,0.64263231
20,191,0.43678027,0.58123225
20,193,0.5259099,0.66241485
20,195,0.54424638,0.69126612
20,197,0.4964146,0.67268056
20,199,0.59047329,0.71112001
20,201,0.52481925,0.68403715
20,203,0.56825167,0.6578232
20,205,0.44115752,0.65177149
20,207,0.44858578,0.67557788
20,209,0.35736558,0.5340693
21,0,0.396391101,0.568031881
21,1,0.41541359,0.54606926
21,3,0.37712938,0.557437
21,5,0.39797756,0.53695881
21,7,0.43367711,0.58099949
21,9,0.40630835,0.59626257
21,11,0.40346125,0.57239807
21,13,0.37449017,0.55427086
21,15,0.40715119,0.58005416
21,17,0.36366171,0.52161407
21,19,0.38034844,0.53889251
21,21,0.37083247,0.5685243
21,23,0.37160832,0.58287913
21,25,0.36811772,0.50868267
21,27,0.44865859,0.59858876
21,29,0.40022212,0.55380267
21,31,0.40762815,0.5751195
21,33,0.41072783,0.60982209
21,35,0.41062984,0.57586855
21,37,0.38839018,0.61343759
21,39,0.40061107,0.64774114
21,41,0.38974559,0.61308777
21,43,0.39988622,0.54681069
21,45,0.40173507,0.54092222
21,47,0.37394321,0.57463908
21,49,0.34720245,0.5488776
21,51,0.35891965,0.5341928
21,53,0.41263554,0.59147692
21,55,0.42840609,0.61358571
21,57,0.41366643,0.58596933
21,59,0.41262692,0.60849142
21,61,0.40107015,0.56978077
21,63,0.42204928,0.56446725
21,65,0.36585921,0.53650808
21,67,0.36058044,0.55602175
21,69,0.39304239,0.57046199
21,71,0.38382921,0.55753899
21,73,0.36392605,0.54942822
21,75,0.3511501,0.56703979
21,77,0.4432072,0.52988583
21,79,0.36499894,0.51644737
21,81,0.3839148,0.53074843
21,83,0.40634546,0.59751791
21,85,0.40219191,0.58422947
21,87,0.42808738,0.58693588
21,89,0.40246931,0.57095361
21,91,0.47285417,0.60518533
21,93,0.40363356,0.56778717
21,95,0.37986884,0.53764439
21,97,0.37234646,0.55426061
21,99,0.40796441,0.58814138
21,101,0.3813507,0.57764953
21,103,0.40072656,0.55118632
21,105,0.38558543,0.60029775
21,107,0.40979388,0.58958083
21,109,0.39876482,0.54533374
21,111,0.3629775,0.56020176
21,113,0.3562485,0.54611576
21,115,0.42922232,0.60335726
21,117,0.3746317,0.58617824
21,119,0.36478487,0.53409469
21,121,0.38212988,0.54619956
21,123,0.42863321,0.59940946
21,125,0.38357031,0.55038089
21,127,0.38819781,0.57326746
21,129,0.39089471,0.6141721
21,131,0.36641586,0.4835985
21,133,0.39511007,0.55005717
21,135,0.4166387,0.59198028
21,137,0.37296119,0.55723542
21,139,0.41301331,0.52246523
21,141,0.40011191,0.5824219
21,143,0.43119264,0.54140282
21,145,0.38038197,0.58280683
21,147,0.35557348,0.50578588
21,149,0.42633167,0.60852408
21,151,0.37062562,0.55484635
21,153,0.41135493,0.58834273
21,155,0.44379672,0.61220294
21,157,0.42733857,0.57806456
21,159,0.41431481,0.5116604
21,161,0.38948417,0.56344116
21,163,0.39947581,0.57594931
21,165,0.38494453,0.6290735
21,167,0.3801603,0.55583763
21,169,0.42522848,0.55527449
21,171,0.41745925,0.62390816
21,173,0.3606075,0.55953944
21,175,0.40951568,0.58073246
21,177,0.43554917,0.61091942
21,179,0.40877706,0.5999729
21,181,0.37845519,0.57221735
21,183,0.43364626,0.58731169
21,185,0.43833274,0.59134597
21,187,0.3973375,0.56470883
21,189,0.34451139,0.5052433
21,191,0.38032004,0.5638442
21,193,0.36546847,0.52012986
21,195,0.39336568,0.55050772
21,197,0.36257774,0.57607406
21,199,0.37494639,0.56432676
21,201,0.47312549,0.58569402
21,203,0.39720663,0.52676326
21,205,0.37321958,0.57573885
21,207,0.38683853,0.54688287
21,209,0.361743,0.52948046
21,211,0.3869051,0.54628766
21,213,0.38099056,0.56847954
21,215,0.44031531,0.54924375
21,217,0.40403017,0.59959781
21,219,0.4304297,0.57644069
21,221,0.40836874,0.57298905
21,223,0.4118959,0.58104831
21,225,0.42709944,0.60313725
21,227,0.39106056,0.5695641
21,229,0.4276917,0.63242674
21,231,0.38575691,0.58320105
21,233,0.43752447,0.61270285
21,235,0.36648634,0.55774122
21,237,0.38146049,0.46981323
21,239,0.36674502,0.5589534
22,0,0.40265773703125,0.60479775609375
22,1,0.43444854,0.63248581
22,3,0.42473972,0.60139972
22,5,0.42804798,0.61175913
22,7,0.43685818,0.66271371
22,9,0.41394234,0.64315504
22,11,0.43838713,0.58419818
22,13,0.38055626,0.57972085
22,15,0.38538492,0.58780122
22,17,0.35273945,0.5610556
22,19,0.40455306,0.58924824
22,21,0.4139114,0.64705795
22,23,0.48084509,0.63092405
22,25,0.40841839,0.64474678
22,27,0.38977733,0.64354783
22,29,0.39629099,0.61303174
22,31,0.37456313,0.58611768
22,33,0.37446603,0.58117777
22,35,0.34897822,0.62015647
22,37,0.38533607,0.58656657
22,39,0.44356033,0.64852726
22,41,0.39199811,0.64178348
22,43,0.41680986,0.59778059
22,45,0.39606315,0.60029441
22,47,0.39024079,0.59865105
22,49,0.40862638,0.62143213
22,51,0.40101612,0.5876146
22,53,0.42753133,0.60249841
22,55,0.41567531,0.60318124
22,57,0.44511691,0.65558267
22,59,0.45788354,0.68703538
22,61,0.38819811,0.6053555
22,63,0.42246807,0.59656084
22,65,0.33969411,0.54498678
22,67,0.34919366,0.56163466
22,69,0.37971714,0.59465837
22,71,0.34117615,0.53583407
22,73,0.36438304,0.57048863
22,75,0.41935408,0.59215498
22,77,0.38425833,0.61727434
22,79,0.37821093,0.56905413
22,81,0.3852675,0.57134247
22,83,0.38116279,0.59185755
22,85,0.46224973,0.63231266
22,87,0.42134202,0.60484058
22,89,0.43519869,0.61091584
22,91,0.35049286,0.57445931
22,93,0.40171847,0.67421728
22,95,0.38655421,0.60304111
22,97,0.42126897,0.62772083
22,99,0.41262448,0.60403281
22,101,0.39338082,0.61703926
22,103,0.41501918,0.57948107
22,105,0.39190608,0.59392416
22,107,0.40554598,4.1000729
22,109,0.43609008,0.62075788
22,111,0.38465479,0.57937944
22,113,0.45301163,0.62711591
22,115,0.41497687,0.57216853
22,117,0.36499986,0.55745482
22,119,0.38298273,0.60474283
22,121,0.37793484,0.61606663
22,123,0.46181634,0.60316986
22,125,0.39882162,0.56591129
22,127,0.39765495,0.57633501
23,0,0.417816625625,0.57107752875
23,1,0.4088186,0.58245027
23,3,0.42492422,0.59958941
23,5,0.4253554,0.58070183
23,7,0.4389846,0.5788908
23,9,0.41536728,0.55666232
23,11,0.41804555,0.5808441
23,13,0.41698584,0.56305766
23,15,0.4243992,0.57255852
23,17,0.41302282,0.57810491
23,19,0.40643802,0.58066893
23,21,0.45324081,0.5739066
23,23,0.39658928,0.5447467
23,25,0.41440207,0.56756055
23,27,0.40438923,0.55299646
23,29,0.38664654,0.53992736
23,31,0.43745655,0.58457404
24,0,0.409572225833333,0.583873750416667
24,1,0.41385791,0.60460764
24,3,0.40985861,0.5913744
24,5,0.40866002,0.59111351
24,9,0.43391284,0.59252661
24,11,0.37359697,0.55482215
24,13,0.45682305,0.61428785
24,15,0.39059672,0.56739926
24,17,0.4193733,0.58106905
24,19,0.37366152,0.56675458
24,21,0.43434927,0.60387683
24,23,0.45047498,0.60224926
24,25,0.41030312,0.59654528
24,27,0.45784339,0.62161624
24,29,0.38700709,0.59902
24,31,0.47862777,0.62229705
24,33,0.38851675,0.52698475
24,35,0.42995813,0.60174656
24,37,0.42292321,0.60451126
24,39,0.37838495,0.54171658
24,41,0.41151711,0.58675629
24,43,0.40639466,0.58862942
24,45,0.38088378,0.56810188
24,47,0.39132497,0.58462369
24,510,0.3208833,0.50033987
25,0,0.449206884285714,0.60113941
25,1,0.45080459,0.59289646
25,3,0.4101935,0.58721465
25,5,0.43598461,0.60787368
25,7,0.46205226,0.5721159
25,9,0.44890165,0.6105485
25,11,0.43256408,0.58328164
25,13,0.40453303,0.59596062
25,15,0.44985622,0.59637958
25,17,0.48009285,0.62890249
25,19,0.50685829,0.60954267
25,21,0.50397575,0.64077902
25,23,0.44852391,0.61370134
25,25,0.41368276,0.5681864
25,27,0.44087288,0.60856879
26,0,0.412643436626506,0.576577756626506
26,1,0.40779051,0.60082483
26,3,0.42857838,0.57149291
26,5,0.40942612,0.58104807
26,7,0.41741285,0.58875453
26,9,0.41294548,0.56825465
26,11,0.4376989,0.5911119
26,13,0.39953074,0.57427019
26,15,0.41403389,0.57117748
26,17,0.40940118,0.57609004
26,19,0.39704505,0.54050958
26,21,0.37403709,0.57467574
26,23,0.40537995,0.57406586
26,25,0.36964995,0.5615043
26,27,4.959184,0.56761593
26,29,0.39611453,0.57393545
26,31,0.40181077,0.55915356
26,33,0.40026516,0.5693652
26,35,0.39791408,0.56850141
26,37,0.44474849,0.59849524
26,39,0.38827714,0.51468354
26,41,0.44285384,0.595415
26,43,0.43255693,0.60686994
26,45,0.41508773,0.57156247
26,47,0.43566972,0.5736925
26,49,0.35446975,0.52256346
26,51,0.40157494,0.58563268
26,53,0.46532544,0.63529521
26,55,0.43030715,0.58098483
26,57,0.40843442,0.59116113
26,59,0.41318259,0.5617069
26,61,0.46571127,0.63659191
26,63,0.4853861,0.61882263
26,65,0.38008961,0.56438577
26,67,0.40467933,0.58838648
26,69,0.38875544,0.57015651
26,71,0.44194296,0.61312431
26,73,0.41172403,0.59465945
26,75,0.38351905,0.56185079
26,77,0.38048574,0.57697016
26,79,0.38487574,0.54296386
26,81,0.38383818,0.57771504
26,83,0.48774484,0.56071073
26,85,0.39736959,0.55783957
26,87,0.42103204,0.55248249
26,89,0.4403294,0.58847868
26,91,0.4141883,0.55838788
26,93,0.43070033,0.57298172
26,95,0.39681903,0.55918247
26,97,0.4235051,0.58919966
26,99,0.42907128,0.57934546
26,101,0.41817334,0.5930028
26,103,0.43134007,0.59867382
26,105,0.40929717,0.58192426
26,107,0.4007957,0.57767779
26,109,0.46821252,0.61928153
26,111,0.40631956,0.5857572
26,113,0.43199611,0.6000964
26,115,0.41912279,0.56642896
26,117,0.38972375,0.56344867
26,119,0.43575582,0.5993675
26,121,0.36147547,0.56071401
26,123,0.40630957,0.56557661
26,125,0.40980926,0.5746032
26,127,0.41063997,0.5810377
26,129,0.41179621,0.58005661
26,131,0.45168152,0.61393231
26,133,0.41272697,0.5898627
26,135,0.40533853,0.54103118
26,137,0.41783553,0.58823621
26,139,0.43631768,0.60193956
26,141,0.4794012,0.61136431
26,143,0.40182894,0.55801642
26,145,0.37131971,0.55224556
26,147,0.40010503,0.56278574
26,149,0.393507,0.57282591
26,151,0.44634727,0.58494192
26,153,0.42571819,0.55363119
26,155,0.40083379,0.56449997
26,157,0.42043424,0.56242841
26,159,0.38549662,0.56417996
26,161,0.39719823,0.56157023
26,163,0.34619635,0.52276915
26,165,0.384056,0.58739591
27,0,0.507374176321839,0.648134359770115
27,1,0.49990597,0.64355594
27,3,0.45720306,0.6102953
27,5,0.48389137,0.6469301
27,7,0.44415173,0.63225311
27,9,0.49316561,0.63955283
27,11,0.59775043,0.68702739
27,13,0.49251121,0.6271202
27,15,0.5395419,0.67073917
27,17,0.44485098,0.62018472
27,19,0.51706254,0.64444035
27,21,0.43999028,0.60080153
27,23,0.51290494,0.64555252
27,25,0.48730278,0.60980755
27,27,0.49051017,0.65716225
27,29,0.5180341,0.66352487
27,31,0.50660127,0.55422544
27,33,0.5147472,0.67232126
27,35,0.46150848,0.60863024
27,37,0.48008886,0.62880105
27,39,0.52617854,0.64611578
27,41,0.52991039,0.66062838
27,43,0.50486076,0.66170394
27,45,0.55562162,0.66076338
27,47,0.48602092,0.63231051
27,49,0.50176322,0.64921016
27,51,0.5536204,0.65015018
27,53,0.42896372,0.60704798
27,55,0.5179854,0.64083964
27,57,0.46577936,0.62399626
27,59,0.47372139,0.60793555
27,61,0.47810489,0.62375641
27,63,0.54305971,0.67168504
27,65,0.47493783,0.62461293
27,67,0.50997913,0.65650815
27,69,0.5701139,0.68929505
27,71,0.44780871,0.62223607
27,73,0.51369107,0.68966925
27,75,0.45806772,0.62535506
27,77,0.52433562,0.61550224
27,79,0.50853354,0.65674049
27,81,0.58485663,0.72700661
27,83,0.49687478,0.66891104
27,85,0.51024127,0.65413576
27,87,0.47822601,0.62342459
27,89,0.55941045,0.6712628
27,91,0.50299448,0.65141493
27,93,0.52968788,0.65258312
27,95,0.45090997,0.64738965
27,97,0.50174671,0.66132522
27,99,0.46404848,0.62960899
27,101,0.53085798,0.70318383
27,103,0.51765668,0.63770974
27,105,0.50593787,0.66977429
27,107,0.53244913,0.66459817
27,109,0.47980082,0.62211472
27,111,0.51183051,0.65626216
27,113,0.52545834,0.65916121
27,115,0.46650174,0.63196957
27,117,0.55581623,0.66961259
27,119,0.50412476,0.65814751
27,121,0.56056631,0.67037511
27,123,0.43631899,0.60800284
27,125,0.59171915,0.69051158
27,127,0.54703748,0.65999961
27,129,0.56033278,0.67264169
27,131,0.47539917,0.6293987
27,133,0.54322362,0.69474941
27,135,0.50463551,0.65361768
27,137,0.45270988,0.61937404
27,139,0.49627382,0.63055396
27,141,0.47026181,0.62263489
27,143,0.55381376,0.67069393
27,145,0.53795958,0.6545198
27,147,0.47574529,0.64355582
27,149,0.54486227,0.69456816
27,151,0.52305478,0.68062443
27,153,0.52925986,0.64951241
27,155,0.59424144,0.64150453
27,157,0.53709674,0.64678979
27,159,0.52850485,0.62739414
27,161,0.50191259,0.64747667
27,163,0.48994306,0.62935382
27,165,0.46542308,0.67176092
27,167,0.51086771,0.68311572
27,169,0.50515038,0.64022952
27,171,0.49544415,0.62785107
27,173,0.54558384,0.68829429
28,0,0.367311654634146,0.577144208414634
28,1,0.37504467,0.57562029
28,3,0.36768252,0.54807043
28,5,0.39920846,0.5995062
28,7,0.38877356,0.61673599
28,9,0.35974878,0.5202902
28,11,0.34199458,0.57687098
28,13,0.37752181,0.57304412
28,15,0.3854796,0.62293601
28,17,0.35427555,0.57175833
28,19,0.41147363,0.64604706
28,21,0.31584713,0.51207191
28,23,0.38183421,0.60101628
28,25,0.32704991,0.53338432
28,27,0.32491589,0.56194502
28,29,0.349796,0.56978762
28,31,0.38875395,0.61420572
28,33,0.37621981,0.55081612
28,35,0.36124739,0.55933499
28,37,0.40033549,0.59710622
28,39,0.45684418,0.57716638
28,41,0.43929678,0.60378122
28,43,0.34372815,0.55139887
28,45,0.39920369,0.57095367
28,47,0.36542389,0.55191422
28,49,0.32851696,0.54804111
28,51,0.35255975,0.58926862
28,53,0.31566256,0.54883248
28,55,0.36918181,0.58679628
28,57,0.38336059,0.58181304
28,59,0.37339821,0.54620159
28,61,0.36154282,0.61745995
28,63,0.34924489,0.46286768
28,65,0.37069991,0.57199281
28,67,0.37908733,0.59824145
28,69,0.36535671,0.58122772
28,71,0.36890829,0.56928051
28,73,0.42175326,0.5908246
28,75,0.34752831,0.57015187
28,77,0.40176281,0.61072546
28,79,0.38700941,0.61326236
28,81,0.35997432,0.54826921
28,83,0.32071015,0.57724941
28,85,0.39423168,0.5799036
28,87,0.34362707,0.56105173
28,89,0.37323752,0.58152735
28,91,0.39619529,0.62843668
28,93,0.33582988,0.51423526
28,95,0.36063543,0.55999607
28,97,0.36522073,0.61639178
28,99,0.34813288,0.57729059
28,101,0.37113309,0.62287569
28,103,0.35042995,0.58578146
28,105,0.35383198,0.57986605
28,107,0.33009189,0.57308763
28,109,0.39457119,0.56713188
28,111,0.40115502,0.58811569
28,113,0.36734095,0.58046526
28,115,0.37430236,0.56550008
28,117,0.35423991,0.55899084
28,119,0.3264325,0.57477885
28,121,0.39350313,0.5756886
28,123,0.36288169,0.60742885
28,125,0.36990589,0.6465103
28,127,0.38821259,0.58325636
28,129,0.40222198,0.59769815
28,131,0.39337215,0.5848
28,133,0.32047167,0.54445148
28,135,0.32572088,0.57662445
28,137,0.3541832,0.5772081
28,139,0.37895089,0.59131253
28,141,0.4073903,0.5989033
28,143,0.2929447,0.50462472
28,145,0.37198484,0.58072627
28,147,0.39530692,0.60163522
28,149,0.34859562,0.55810028
28,151,0.31880808,0.54214299
28,153,0.390277,0.61479443
28,155,0.40004888,0.62224817
28,157,0.37137654,0.53835779
28,159,0.34470138,0.58610821
28,161,0.34800512,0.58278507
28,163,0.35209519,0.57672501
29,0,0.424262549391304,0.591023216695652
29,1,0.4404617,0.58867651
29,3,0.46255484,0.59513181
29,5,0.46768302,0.63807285
29,7,0.39991674,0.59530443
29,9,0.41333944,0.56778347
29,11,0.43877837,0.60328752
29,13,0.40957662,0.61713654
29,15,0.42992893,0.5550679
29,17,0.42017463,0.56467253
29,19,0.4057433,0.57500589
29,21,0.38505778,0.58860219
29,23,0.37703159,0.55746108
29,25,0.44732481,0.60648638
29,27,0.39146373,0.58487874
29,29,0.42105731,0.57182515
29,31,0.40172946,0.59835595
29,33,0.4593648,0.6516121
29,35,0.41192135,0.53094107
29,37,0.43578479,0.57944566
29,39,0.42231464,0.59409279
29,41,0.49051362,0.64388949
29,43,0.42934361,0.56934154
29,45,0.46679744,0.63660377
29,47,0.42928424,0.58398366
29,49,0.44820085,0.58914387
29,51,0.4267067,0.59844363
29,53,0.42850697,0.6005733
29,55,0.3930003,0.57421654
29,57,0.43937325,0.63236159
29,59,0.42263252,0.55591917
29,61,0.4480761,0.56336164
29,63,0.46762732,0.62862682
29,65,0.4208551,0.5932048
29,67,0.4330532,0.55202967
29,69,0.3725566,0.57844412
29,71,0.41598096,0.59583819
29,73,0.41108873,0.59451288
29,75,0.50934577,0.66145468
29,77,0.40090463,0.56901211
29,79,0.42888629,0.60617369
29,81,0.44030774,0.58865619
29,83,0.42578089,0.59851056
29,85,0.42097229,0.59190494
29,87,0.50805736,0.58077425
29,89,0.43982202,0.59482789
29,91,0.42245573,0.58037668
29,93,0.3842949,0.55191815
29,95,0.36795825,0.55718672
29,97,0.40233141,0.58269936
29,99,0.41378587,0.56900519
29,101,0.422793,0.58029789
29,103,0.48598111,0.61056393
29,105,0.40124795,0.56923592
29,107,0.44228563,0.61162448
29,109,0.41430092,0.59763783
29,111,0.47075748,0.59522355
29,113,0.41786402,0.58095759
29,115,0.43976194,0.63872743
29,117,0.41280761,0.63527656
29,119,0.41457376,0.53815895
29,121,0.44164905,0.60629249
29,123,0.39775845,0.56950533
29,125,0.40421957,0.60692531
29,127,0.41125339,0.60001308
29,129,0.44622874,0.66473937
29,131,0.40791965,0.61680925
29,133,0.36373127,0.59658259
29,135,0.46126622,0.59909785
29,137,0.44833803,0.61871082
29,139,0.45145762,0.59880078
29,141,0.41561142,0.58152127
29,143,0.37254074,0.56213748
29,145,0.42228526,0.57660639
29,147,0.4997378,0.65101069
29,149,0.43128556,0.5666551
29,151,0.50156969,0.63652575
29,153,0.43271038,0.56195706
29,155,0.34130919,0.54544467
29,157,0.45293745,0.6313079
29,159,0.41085437,0.59350604
29,161,0.40694854,0.59331781
29,163,0.42627484,0.61913168
29,165,0.44198084,0.60014766
29,167,0.41980404,0.59170365
29,169,0.39011943,0.54282427
29,171,0.46054402,0.62593293
29,173,0.43323889,0.59536946
29,175,0.37808424,0.57819194
29,177,0.44011137,0.57750142
29,179,0.42049944,0.59549177
29,181,0.38350832,0.55421567
29,183,0.44775596,0.59993243
29,185,0.44090995,0.59891999
29,186,0.44239402,0.64841002
29,187,0.38205546,0.56388062
29,189,0.38539696,0.58502275
29,195,0.39550439,0.61378431
29,197,0.47015521,0.52621508
29,199,0.44008654,0.61349583
29,201,0.38469595,0.60051417
29,203,0.42442185,0.56542212
29,205,0.48499119,0.60729903
29,207,0.40633106,0.58929265
29,209,0.42115641,0.56574863
29,211,0.44928899,0.61803377
29,213,0.41534194,0.56135243
29,215,0.41527966,0.5696637
29,217,0.39664319,0.58732808
29,219,0.42580205,0.58643401
29,221,0.39195049,0.54281414
29,223,0.40887582,0.57235575
29,225,0.39538234,0.5777154
29,227,0.43590319,0.65487051
29,229,0.41471586,0.58856654
29,510,0.32729495,0.5280807
30,0,0.495736563454545,0.625507579636364
30,1,0.48788267,0.60736746
30,3,0.40129736,0.57591122
30,5,0.43527099,0.56239742
30,7,0.5112471,0.60335892
30,9,0.52343494,0.60521817
30,11,0.56258738,0.63495594
30,13,0.44401401,0.59687841
30,15,0.52654779,0.63015777
30,17,0.49276453,0.64562416
30,19,0.58853787,0.70403576
30,21,0.56096804,0.6744383
30,23,0.43468249,0.61021155
30,25,0.57815832,0.67531425
30,27,0.48339209,0.61327165
30,29,0.45784548,0.57307249
30,31,0.47354326,0.60106695
30,33,0.41632971,0.66853952
30,35,0.39119115,0.61339289
30,37,0.46626624,0.55514866
30,39,0.54819143,0.61173308
30,41,0.43017337,0.58283639
30,43,0.529948,0.61978918
30,45,0.53683507,0.59731853
30,47,0.42691097,0.59170657
30,49,0.43853527,0.60080415
30,51,0.54476166,0.56646794
30,53,0.46062264,0.60832667
30,55,0.54662186,0.70665348
30,57,0.53783143,0.62451506
30,59,0.48632011,0.68711019
30,61,0.41357562,0.69581926
30,63,0.44410035,0.58454531
30,65,0.51877147,0.6600588
30,67,0.46777996,0.59483874
30,69,NA,NA
30,71,0.54558468,0.64064896
30,73,0.52942437,0.65038794
30,75,0.56284338,0.71344
30,77,0.44864047,0.6210227
30,79,0.49972561,0.66711712
30,81,0.47998309,0.57889301
30,83,0.57444859,0.68663764
30,85,0.44203416,0.63098222
30,87,0.38648826,0.5704599
30,89,0.45662561,0.60224777
30,91,0.56805849,0.64272213
30,93,0.45977145,0.62659979
30,95,0.56298751,0.61302519
30,97,0.57265663,0.60618412
30,99,0.52227706,0.61010414
30,101,0.50252128,0.63522249
30,103,0.50071114,0.60506248
30,105,0.47010353,0.65097624
30,107,0.50735301,0.78605592
30,109,0.64757556,0.57820982
30,111,0.45875648,0.60403246
31,0,0.533164815,0.657309563695652
31,1,0.47424433,0.6480096
31,3,0.57401186,0.71771997
31,5,NA,NA
31,7,0.53561562,0.50371665
31,9,0.64376199,0.5866999
31,11,0.59343803,0.73041761
31,13,0.51189107,0.64063537
31,15,0.57708967,0.62116039
31,17,0.5385468,0.6968202
31,19,0.49423537,0.63403434
31,21,0.52192491,0.61947215
31,23,0.55316401,0.65284121
31,25,0.48256493,0.61485177
31,27,0.61331522,0.73137385
31,29,0.55134708,0.66333973
31,31,0.48694283,0.64927638
31,33,0.50106198,0.65211034
31,35,0.58513653,0.65212142
31,37,0.48060474,0.6747545
31,39,0.58663952,0.71865106
31,41,0.56418449,0.66525894
31,43,0.42784396,0.61343837
31,45,0.5154494,0.65753824
31,47,0.45000634,0.63723648
31,49,0.54593658,0.64708591
31,51,0.55039412,0.6453625
31,53,0.48173931,0.64158696
31,55,0.3992798,0.60352618
31,57,0.53961021,0.67111063
31,59,0.54328305,0.71409982
31,61,0.54554552,0.6483233
31,63,0.629682,0.6304034
31,65,0.55206358,0.70089322
31,67,0.4863233,0.66529602
31,69,0.53691733,0.6382103
31,71,0.5364821,0.61038065
31,73,0.50461113,0.71399403
31,75,0.56253546,0.73747367
31,77,0.60226417,0.68697
31,79,0.4543325,0.62870228
31,81,0.52569348,0.67047948
31,83,0.50639182,0.627303
31,85,0.61519438,0.73221374
31,87,0.58966339,0.61759442
31,89,0.56845075,0.68826455
31,91,0.61213541,0.52168316
31,93,0.52187091,0.68336737
31,95,0.51538378,0.70098293
31,97,0.53254998,0.66530883
31,99,0.54109216,0.64114982
31,101,0.49491698,0.6326375
31,103,0.57166612,0.65832895
31,105,0.50332463,0.67938912
31,107,0.57547897,0.66469574
31,109,0.43736401,0.6068927
31,111,0.46992895,0.6078788
31,113,0.53596389,0.5213815
31,115,0.62938207,0.70625126
31,117,0.55607462,0.59901124
31,119,0.48010346,0.64908689
31,121,0.53781492,0.65581656
31,123,0.52514917,0.59687471
31,125,0.56025529,0.66572285
31,127,0.56801564,0.65468776
31,129,0.57201642,0.69423294
31,131,0.49372873,0.63299453
31,133,0.52173007,0.66452408
31,135,0.54465979,0.69668603
31,137,0.53028482,0.6616472
31,139,0.54705042,0.67609018
31,141,0.52225798,0.66066146
31,143,0.57330787,0.67888415
31,145,0.50230974,0.63171309
31,147,0.50854111,0.63522899
31,149,0.62085563,0.70504463
31,151,0.51287299,0.66573668
31,153,0.45836222,0.60669518
31,155,0.51148641,0.62895292
31,157,0.46054929,0.63061357
31,159,0.53440148,0.6586867
31,161,0.52834052,0.63492906
31,163,0.58608329,0.68904012
31,165,0.56855011,0.71495759
31,167,0.53578198,0.6140582
31,169,0.54203069,0.72698271
31,171,0.54934043,0.82331502
31,173,0.43635461,0.66554934
31,175,0.52595431,0.69204068
31,177,0.53524905,0.64559507
31,179,0.56790107,0.65969086
31,181,0.55584645,0.69930387
31,183,0.49598405,0.69352579
31,185,0.50144583,0.673199
32,0,0.448105835882353,0.560939245882353
32,1,0.42018765,0.55825257
32,3,0.38764879,0.52366829
32,5,0.45699286,0.57001108
32,7,0.46296695,0.59345448
32,9,0.53338832,0.59746206
32,11,0.49829665,0.58257985
32,13,0.44370872,0.59525061
32,15,0.45997825,0.59605861
32,17,0.58202344,0.56623954
32,19,0.40597832,0.54786044
32,21,0.39072224,0.49230632
32,23,0.40365711,0.49414894
32,27,0.48953095,0.58894378
32,29,0.41786337,0.51694632
32,31,0.40533885,0.55637866
32,33,0.45431715,0.58949828
32,510,0.40519959,0.56690735
33,0,0.425978581,0.59095701
33,1,0.41712138,0.58544648
33,3,0.43617082,0.58814281
33,5,0.42192355,0.58456111
33,7,0.42104524,0.61632937
33,9,0.43646413,0.58867115
33,11,0.44100729,0.59984607
33,13,0.4269177,0.58911014
33,15,0.45314148,0.59857732
33,17,0.42193756,-0.1569524
33,19,0.38405666,0.56749278
34,0,0.438227655238095,0.603354323333333
34,1,0.37154225,0.57027215
34,3,0.51954651,0.64835024
34,5,0.42232805,0.59136081
34,7,0.39249986,0.59126079
34,9,0.42920408,0.59260523
34,11,0.37017271,0.55506766
34,13,0.38604265,0.584885
34,15,0.43419391,0.59730893
34,17,0.44457117,0.59508348
34,19,0.49344167,0.62458706
34,21,0.38598496,0.58866328
34,23,0.48370594,0.62478983
34,25,0.45198557,0.619959
34,27,0.50783235,0.64473712
34,29,0.45339474,0.59651554
34,31,0.42517933,0.60955095
34,33,0.4136906,0.58875972
34,35,0.46128559,0.62159157
34,37,0.47039765,0.61719441
34,39,0.43154848,0.60860032
34,41,0.45423269,0.5992977
35,0,0.415189081515151,0.572526414848485
35,1,0.38822624,0.55310112
35,3,0.42944002,0.58981639
35,5,0.40493625,0.58753806
35,6,0.36925915,0.54900569
35,7,0.41021422,0.55898285
35,9,0.41176733,0.59822726
35,11,0.52388632,0.65738904
35,13,0.40438551,0.54854459
35,15,0.46551222,0.61528724
35,17,0.40673649,0.53837365
35,19,0.39496046,0.54839784
35,21,0.55248564,0.68804508
35,23,0.42131788,0.5511871
35,25,0.46431991,0.62074095
35,27,0.42896676,0.60296208
35,28,0.47209215,0.5852775
35,29,0.38643911,0.59986907
35,31,0.35415223,0.5120272
35,33,0.42674047,0.55294776
35,35,0.39953059,0.56802166
35,37,0.40044215,0.55911136
35,39,0.37294319,0.5641039
35,41,0.41701218,0.58123386
35,43,0.38753462,0.5390566
35,45,0.40520856,0.57743716
35,47,0.38532931,0.5505743
35,49,0.40140796,0.54063988
35,51,0.39924881,0.54766035
35,53,0.37011841,0.55961454
35,55,0.41188437,0.55282742
35,57,0.40396622,0.52434772
35,59,0.44943729,0.62099719
35,61,0.38133767,0.55002528
36,0,0.432977418387097,0.597791815322581
36,1,0.43856844,0.62046933
36,3,0.41969791,0.59463161
36,5,0.39008352,0.51492077
36,7,0.419043,0.59373677
36,9,0.42765266,0.61154449
36,11,0.41648966,0.60048026
36,13,0.41525927,0.59910446
36,15,0.39711976,0.59576255
36,17,0.42017388,0.5909422
36,19,0.42429817,0.59824306
36,21,0.41953701,0.6017549
36,23,0.42261177,0.59825778
36,25,0.44276512,0.61267447
36,27,0.4335331,0.59743953
36,29,0.427953,0.60719943
36,31,0.45285612,0.57563919
36,33,0.41613317,0.60439408
36,35,0.40815249,0.59190798
36,37,0.43237388,0.60419238
36,39,0.44552451,0.59125084
36,41,0.48070019,0.64253026
36,43,0.43290496,0.60844064
36,45,4.8838357,0.59907985
36,47,0.42299739,0.55272043
36,49,0.47115555,0.62466145
36,51,0.43731928,0.59329855
36,53,0.43219489,0.59769005
36,55,0.39269343,0.5856905
36,57,0.42543876,0.60408014
36,59,0.49325207,0.65162271
36,61,0.41869253,0.55338937
36,63,0.40703964,0.58277339
36,65,0.42728147,0.60774565
36,67,0.40242127,0.59477013
36,69,0.43202263,0.59633279
36,71,0.42588851,0.59068191
36,73,0.42188925,0.57215142
36,75,0.40844077,0.58376247
36,77,0.44290841,0.60148937
36,79,0.52018428,0.64199626
36,81,0.47502467,0.59761381
36,83,0.42925596,0.61070198
36,85,0.48137245,0.63549775
36,87,0.46492949,0.62751502
36,89,0.42871219,0.60179037
36,91,0.4534871,0.61132824
36,93,0.41907173,0.61499858
36,95,0.44301888,0.59306711
36,97,0.42161083,0.55469829
36,99,0.4378483,0.59616244
36,101,0.43117839,0.59815919
36,103,0.46316791,0.61933756
36,105,0.41629636,0.57582146
36,107,0.40871447,0.58825767
36,109,0.42550436,0.58261776
36,111,0.43074304,0.5865289
36,113,0.4287267,0.59834981
36,115,0.43055415,0.58699799
36,117,0.41618052,0.57603055
36,119,0.45155954,0.62147045
36,121,0.46320558,0.6117065
36,123,0.44382372,0.5849877
37,0,0.3667934891,0.5550686517
37,1,0.35772339,0.56986803
37,3,0.37784049,0.54154676
37,5,0.39518493,0.59017789
37,7,0.34016269,0.58102542
37,9,0.38441145,0.5452612
37,11,0.39553407,0.59066278
37,13,0.36311382,0.56078947
37,15,0.35930842,0.59786803
37,17,0.3468028,0.54988134
37,19,0.35376886,0.51017684
37,21,0.3780528,0.54807109
37,23,0.359137,0.54106629
37,25,0.36076748,0.54691219
37,27,0.33842838,0.55067271
37,29,0.39407995,0.56927085
37,31,0.38538218,0.55431592
37,33,0.36721775,0.5367682
37,35,0.3590284,0.55645341
37,37,0.37106329,0.55330437
37,39,0.38522056,0.53777379
37,41,0.36335751,0.59485114
37,43,0.39850661,0.58284956
37,45,0.33788979,0.55031842
37,47,0.35793445,0.52665347
37,49,0.36391279,0.55014783
37,51,0.348643,0.52261722
37,53,0.4049539,0.54573512
37,55,0.42417055,0.53388894
37,57,0.3534815,0.54947698
37,59,0.3827354,0.57663506
37,61,0.38598624,0.57628423
37,63,0.33454528,0.53617519
37,65,0.32664955,0.50989217
37,67,0.34521091,0.54743075
37,69,0.36211279,0.53450674
37,71,0.34222776,0.53880411
37,73,0.39708433,0.5333668
37,75,0.37664011,0.51791108
37,77,0.34870607,0.53865916
37,79,0.34448469,0.57987785
37,81,0.34704563,0.54953843
37,83,0.34762263,0.55836791
37,85,0.35963923,0.54652923
37,87,0.39143288,0.56996262
37,89,0.39935151,0.55311638
37,91,0.33800054,0.54830855
37,93,0.31604886,0.49829176
37,95,0.38218826,0.6177935
37,97,0.35314107,0.54804736
37,99,0.3944768,0.57389456
37,101,0.3823956,0.55683142
37,103,0.38130593,0.57813179
37,105,0.3518683,0.56031734
37,107,0.3410942,0.55514592
37,109,0.35843003,0.55701435
37,111,0.36498478,0.54891616
37,113,0.41127616,0.56443244
37,115,0.38602084,0.55302006
37,117,0.35411215,0.56762803
37,119,0.35238239,0.55078876
37,121,0.4028275,0.59951198
37,123,0.35185879,0.5610919
37,125,0.37288934,0.56634086
37,127,0.35913834,0.56026292
37,129,0.35739514,0.54306245
37,131,0.35076511,0.56075722
37,133,0.37728947,0.54390502
37,135,0.38099831,0.56065065
37,137,0.36943883,0.5671221
37,139,0.3657693,0.55584586
37,141,0.35985082,0.5152567
37,143,0.38317636,0.58342481
37,145,0.35436106,0.5529893
37,147,0.34700641,0.5598132
37,149,0.39557654,0.53925967
37,151,0.36547449,0.55501205
37,153,0.3423534,0.55678785
37,155,0.32095239,0.50606143
37,157,0.34036407,0.53761578
37,159,0.34288377,0.54958475
37,161,0.35316601,0.53199065
37,163,0.35913044,0.56848091
37,165,0.31078675,0.50586098
37,167,0.38184449,0.58792007
37,169,0.38126951,0.55525398
37,171,0.37988111,0.57481736
37,173,0.41320318,0.55911505
37,175,0.37550288,0.54400975
37,177,0.38698328,0.55929184
37,179,0.38647729,0.56129277
37,181,0.32367244,0.55679482
37,183,0.38944823,0.57582223
37,185,0.3630234,0.54832131
37,187,0.36206496,0.53514165
37,189,0.41392443,0.58206028
37,191,0.36100566,0.55566442
37,193,0.38364351,0.57421541
37,195,0.34435967,0.56943166
37,197,0.37785372,0.57758176
37,199,0.40745878,0.5754168
38,0,0.570986868301887,0.691138273584906
38,1,0.60065281,0.73633456
38,3,0.54493958,0.67202747
38,5,0.40901139,0.63479525
38,7,0.6664331,0.75271195
38,9,0.60787606,0.70292062
38,11,0.67527407,0.69998604
38,13,0.60976744,0.79809958
38,15,0.52847904,0.66730136
38,17,0.50574797,0.64647704
38,19,0.60872591,0.70360321
38,21,0.55667686,0.71285498
38,23,0.59494144,0.74338102
38,25,0.65396267,0.72042751
38,27,0.54212493,0.6933111
38,29,0.59721714,0.70607144
38,31,0.5554049,0.74494153
38,33,0.66217667,0.76029056
38,35,0.49149635,0.63944447
38,37,0.66699821,0.70874262
38,39,0.57689691,0.64688766
38,41,0.6242677,0.66297048
38,43,0.60461605,0.74125987
38,45,0.63800502,0.71626878
38,47,0.62273419,0.60072982
38,49,0.58257997,0.70538878
38,51,0.60909241,0.68749678
38,53,0.60262334,0.72256124
38,55,0.56205195,0.70596796
38,57,0.58996195,0.69876391
38,59,0.54831564,0.68609667
38,61,0.61619556,0.71895331
38,63,0.59424508,0.67184395
38,65,0.63653177,0.72224313
38,67,0.54726171,0.65498644
38,69,0.55975586,0.7406947
38,71,0.47914943,0.66616261
38,73,0.57022041,0.69163162
38,75,0.59162003,0.71843296
38,77,0.5371114,0.68957442
38,79,0.40783581,0.57575822
38,81,0.55937701,0.69733548
38,83,0.55257165,0.74864727
38,85,0.29265299,0.48307261
38,87,0.634036,0.6308071
38,89,0.61402977,0.7186349
38,91,0.59993035,0.70156032
38,93,0.51168531,0.67710978
38,95,0.59718144,0.65543938
38,97,0.54037279,0.70012569
38,99,0.52311653,0.6753546
38,101,0.51160455,0.67247266
38,103,0.56083184,0.69078547
38,105,0.58593506,0.71058762
39,0,0.408294541704545,0.591546489318182
39,1,0.39219898,0.58997709
39,3,0.38553444,0.58921462
39,5,0.41905248,0.59994507
39,7,0.39432999,0.5663324
39,9,0.37717372,0.56071442
39,11,0.46121737,0.63512832
39,13,0.45004305,0.63758785
39,15,0.39379054,0.55304551
39,17,0.38046479,0.58033234
39,19,0.44049466,0.59874713
39,21,0.4016898,0.56697148
39,23,0.35597235,0.56336534
39,25,0.39157823,0.57430875
39,27,0.38194147,0.56788415
39,29,0.41015649,0.60315722
39,31,0.40520233,0.58255333
39,33,0.39984983,0.59786189
39,35,0.37082997,0.57852125
39,37,0.44691762,0.62157601
39,39,0.42485106,0.59301895
39,41,0.4179261,0.59643257
39,43,0.39445868,0.58328897
39,45,0.40479314,0.59288615
39,47,0.36114526,0.57215822
39,49,0.35954931,0.56748104
39,51,0.44855109,0.60829097
39,53,0.38476962,0.58290809
39,55,0.46179065,0.61164039
39,57,0.39098755,0.57402569
39,59,0.41017362,0.60597891
39,61,0.35728714,0.58752114
39,63,0.41571629,0.59775072
39,65,0.41803193,0.5859322
39,67,0.45762932,0.62359494
39,69,0.43026096,0.63103265
39,71,0.38546002,0.55886167
39,73,0.3772597,0.5647676
39,75,0.49072292,0.60359722
39,77,0.41689321,0.58415794
39,79,0.38034827,0.55438393
39,81,0.39747748,0.60284865
39,83,0.42708007,4.7918846
39,85,0.4290207,0.59719098
39,87,0.38641745,0.55930537
39,89,0.39122725,0.56714845
39,91,0.40209234,0.57873899
39,93,0.37649828,0.56246555
39,95,0.36965272,0.56531256
39,97,0.39949957,0.5608623
39,99,0.39553118,0.60329616
39,101,0.37055796,0.59424293
39,103,0.44577429,0.59086579
39,105,0.40929213,0.55743831
39,107,0.50767016,0.67838043
39,109,0.40883115,0.60155153
39,111,0.46696314,0.63952988
39,113,0.35244924,0.5575583
39,115,0.41496205,0.61636853
39,117,0.4112598,0.58734405
39,119,0.38859117,0.60031819
39,121,0.4678086,0.63963485
39,123,0.44229507,0.61025625
39,125,0.44101414,0.60222709
39,127,0.39326105,0.58293277
39,129,0.37660342,0.57833749
39,131,0.35646042,0.56111807
39,133,0.42117682,0.57527405
39,135,0.41515416,0.55823743
39,137,0.49139604,0.66465271
39,139,0.38115731,0.57727051
39,141,0.35819083,0.56646663
39,143,0.40432855,0.59985757
39,145,0.3736333,0.57624793
39,147,0.42119062,0.62100124
39,149,0.41735759,0.61310309
39,151,0.38796362,0.59575599
39,153,0.37792158,0.58231032
39,155,0.38957953,0.57802886
39,157,0.43418533,0.6342485
39,159,0.4285728,0.58490717
39,161,0.41937512,0.62480968
39,163,0.37919411,0.55549073
39,165,0.41896614,0.59306318
39,167,0.41751724,0.59952879
39,169,0.42640829,0.59490776
39,171,0.41591343,0.60882163
39,173,0.43317854,0.60299832
39,175,0.44222394,0.61521202
40,0,0.442307777532468,0.612183505844156
40,1,0.37219724,0.53354657
40,3,0.54114109,0.69370967
40,5,0.42263991,0.57825243
40,7,0.5149886,0.63886768
40,9,0.47868913,0.66665703
40,11,0.45460588,0.67176884
40,13,0.41218403,0.60471952
40,15,0.4012939,0.61589634
40,17,0.45771703,0.59951049
40,19,0.40885973,0.60663444
40,21,0.39319366,0.57438242
40,23,0.39524904,0.5418455
40,25,0.55483091,0.58123493
40,27,0.4452267,0.5858826
40,29,0.46106499,0.60097396
40,31,0.40641379,0.56621689
40,33,0.42786252,0.56962943
40,35,0.42418855,0.58166409
40,37,0.40695789,0.58971882
40,39,0.4671948,0.64256227
40,41,0.40095812,0.58734149
40,43,0.55368984,0.64591849
40,45,0.55168778,0.6436547
40,47,0.42931393,0.63380826
40,49,0.43666449,0.61618334
40,51,0.44469231,0.60656589
40,53,0.55995536,0.68470228
40,55,0.4684273,0.60308564
40,57,0.44340447,0.69653517
40,59,0.55345017,0.61088687
40,61,0.43947428,0.58048069
40,63,0.41900942,0.66785735
40,65,0.412159,0.5960573
40,67,0.45618045,0.65585387
40,69,0.45212707,0.64762932
40,71,0.41981897,0.60268295
40,73,0.50138658,0.67707682
40,75,0.41350058,0.67116922
40,77,0.4436385,0.62122238
40,79,0.42284662,0.60299599
40,81,0.41846341,0.61733317
40,83,0.43208331,0.59257865
40,85,0.43161821,0.61873192
40,87,0.4474071,0.60795933
40,89,0.39818236,0.56217968
40,91,0.40368307,0.62451756
40,93,0.54057884,0.64848047
40,95,0.44199634,0.6387623
40,97,0.41728821,0.5810284
40,99,0.44852561,0.65373081
40,101,0.37940943,0.57802469
40,103,0.45607072,0.61415815
40,105,0.43428656,0.58845115
40,107,0.4236981,0.56193364
40,109,0.39040723,0.58048314
40,111,0.40083519,0.57865912
40,113,0.40893736,0.56357187
40,115,0.4104107,0.59300905
40,117,0.44137794,0.57490951
40,119,0.44410369,0.60840744
40,121,0.41143885,0.58158022
40,123,0.41975871,0.61273926
40,125,0.39618239,0.58369285
40,127,0.42017487,0.63041604
40,129,0.53446668,0.73536885
40,131,0.43768945,0.58824062
40,133,0.39502406,0.59642661
40,135,0.39765969,0.57604885
40,137,0.44099784,0.61298686
40,139,0.45647657,0.62303877
40,141,0.42468703,0.62208551
40,143,0.39612219,0.57991916
40,145,0.42081404,0.57488155
40,147,0.41702858,0.60085291
40,149,0.48955998,0.6371364
40,151,0.49329129,0.66244143
40,153,0.46807864,0.63798207
41,0,0.426512264444444,0.5793963675
41,1,0.43905511,0.58568126
41,3,0.44519559,0.57247776
41,5,0.43468857,0.57442534
41,7,0.42897701,0.56091172
41,9,0.41779009,0.56980497
41,11,0.40548992,0.55314767
41,13,0.41163138,0.55952787
41,15,0.41694099,0.55121702
41,17,0.43062332,0.55779892
41,19,0.4076106,0.55445212
41,21,0.42011762,0.66757375
41,23,0.4696677,0.61777967
41,25,0.41838452,0.6116426
41,27,0.44208935,0.57541031
41,29,0.40990344,0.55650145
41,31,0.39144856,0.54841554
41,33,0.41580522,0.55391657
41,35,0.41477308,0.58380884
41,37,0.46085563,0.62823707
41,39,0.40850973,0.55676842
41,41,0.40164706,0.54643428
41,43,0.40478057,0.55758184
41,45,0.42200261,0.57020897
41,47,0.39765701,0.56573308
41,49,0.45956939,0.60034478
41,51,0.40287063,0.54869711
41,53,0.4172501,0.56536192
41,55,0.42530939,0.61891615
41,57,0.42598352,0.56523538
41,59,0.41691139,0.57379687
41,61,0.44449237,0.57796973
41,63,0.47885618,0.59247857
41,65,0.42248067,0.57568228
41,67,0.4319689,0.57334465
41,69,0.49662483,0.72792155
41,71,0.41647947,0.5590632
42,0,0.446078264029851,0.617045292835821
42,1,0.45563412,0.61562252
42,3,0.42562932,0.61435783
42,5,0.46521413,0.64708275
42,7,0.43636879,0.62000048
42,9,0.44124061,0.63303
42,11,0.42438889,0.61500078
42,13,0.42264315,0.60938698
42,15,0.45534164,0.62099725
42,17,0.46760008,0.61879516
42,19,0.46316692,0.62451041
42,21,0.45576891,0.64831549
42,23,0.41122991,0.59476238
42,25,0.45852551,0.61808956
42,27,0.45282644,0.60984403
42,29,0.44793132,0.61499023
42,31,0.48216233,0.63916117
42,33,0.4492628,0.62026644
42,35,0.43444613,0.62098366
42,37,0.44238836,0.61966437
42,39,0.43910643,0.60736734
42,41,0.45088053,0.61400425
42,43,0.38839087,0.59101933
42,45,0.43458602,0.61114228
42,47,0.45062852,0.63175684
42,49,0.40761742,0.59813792
42,51,0.43283102,0.63379747
42,53,0.43540964,0.64728951
42,55,0.43874699,0.60015434
42,57,0.44503301,0.61231911
42,59,0.47509074,0.62595803
42,61,0.44995984,0.6059615
42,63,0.48686141,0.63967508
42,65,0.46141005,0.62642908
42,67,0.46377292,0.62716132
42,69,0.44802672,0.62015849
42,71,0.44070688,0.61070293
42,73,0.43707779,0.62394702
42,75,0.44392481,0.61688304
42,77,0.43312383,0.6160515
42,79,0.44204918,0.62037855
42,81,0.43198708,0.61079389
42,83,0.43958393,0.62065119
42,85,0.42376709,0.6246168
42,87,0.42336681,0.61287129
42,89,0.4337526,0.56296623
42,91,0.46882311,0.62546694
42,93,0.4370366,0.61418372
42,95,0.43258461,0.61407655
42,97,0.45474944,0.62270027
42,99,0.42804828,0.6080901
42,101,0.36610064,0.56903023
42,103,0.46349388,0.57831156
42,105,0.46325719,0.63454437
42,107,0.44971392,0.63638961
42,109,0.44214579,0.62602997
42,111,0.45376033,0.64025033
42,113,0.53044689,0.6529358
42,115,0.45959121,0.59722763
42,117,0.47293359,0.61067462
42,119,0.47548053,0.61524105
42,121,0.41739526,0.59531683
42,123,0.42634737,0.58916974
42,125,0.46436018,0.63214195
42,127,0.47583526,0.6053198
42,129,0.46299458,0.63449895
42,131,0.47153375,0.61700404
42,133,0.42114979,0.60637474
44,0,0.43792681,0.599453892
44,1,0.46408543,0.60778528
44,3,0.43465173,0.60285968
44,5,0.42680976,0.58983368
44,7,0.42099854,0.60133195
44,9,0.44308859,0.59545887
45,0,0.351323171521739,0.543497501304348
45,1,0.36302206,0.56161982
45,3,0.36505768,0.54637748
45,5,0.3140409,0.47079739
45,7,0.35749573,0.55010688
45,9,0.32871559,0.54753977
45,11,0.33685982,0.54810411
45,13,0.37319136,0.55233049
45,15,0.37994879,0.5352937
45,17,0.3568759,0.55483568
45,19,0.36443993,0.54240328
45,21,0.33409831,0.53176045
45,23,0.33758575,0.5219599
45,25,0.34973195,0.55217004
45,27,0.35901266,0.55771178
45,29,0.3594847,0.53751785
45,31,0.3379581,0.54191214
45,33,0.3288188,0.53746063
45,35,0.38715836,0.56554013
45,37,0.34676284,0.52419984
45,39,0.32955003,0.5189808
45,41,0.35022402,0.54834324
45,43,0.3506048,0.54872429
45,45,0.36447281,0.55445671
45,47,0.34375152,0.53210282
45,49,0.34773338,0.55056697
45,51,0.36631173,0.54168659
45,53,0.33272314,0.50417888
45,55,0.36409491,0.5525617
45,57,0.342426,0.54219347
45,59,0.34825429,0.53767812
45,61,0.33804891,0.53584057
45,63,0.38097638,0.57232249
45,65,0.34233049,0.51916528
45,67,0.33668154,0.52801663
45,69,0.32818368,0.51726067
45,71,0.36509457,0.58184677
45,73,0.37738848,0.56425172
45,75,0.34816667,0.53065109
45,77,0.36054209,0.55470961
45,79,0.33710688,0.53611892
45,81,0.3638905,0.58734441
45,83,0.35413489,0.55929601
45,85,0.35542685,0.56530726
45,87,0.34257308,0.52084273
45,89,0.3518706,3.335979
45,91,0.35804442,0.5590049
46,0,0.517386368333333,0.651227263030303
46,3,0.56149024,0.70888352
46,5,0.48727971,0.64730388
46,7,0.42284983,0.72999054
46,9,0.56463987,0.66300613
46,11,0.53063548,0.64458281
46,13,0.50886953,0.64219612
46,15,0.54367548,0.65749961
46,17,0.35297927,0.56746578
46,19,0.4887557,0.63408631
46,21,0.64075756,0.7563237
46,23,0.49512973,0.67087311
46,25,0.58590591,0.70085776
46,27,0.49118146,0.61164534
46,29,0.49549243,0.64619863
46,31,0.4951005,0.72458702
46,33,0.5225113,0.60579801
46,35,0.49640808,0.65970916
46,37,0.52431262,0.68155038
46,39,0.55837452,0.61519593
46,41,0.32285646,0.5176301
46,43,0.62231493,0.68627989
46,45,0.63141114,0.65832424
46,47,0.48048779,0.6237601
46,49,0.57583451,0.70209491
46,51,0.52377838,0.6847418
46,53,0.57165724,0.68665802
46,55,0.58954352,0.69967806
46,57,0.55332106,0.67707723
46,59,0.58249176,0.76088315
46,61,0.57912052,0.69286168
46,63,0.68827528,0.63864166
46,65,0.45549461,0.65979469
46,67,0.60897982,0.65303576
46,69,0.56090772,0.68588352
46,71,0.48445693,0.68423516
46,73,0.58494878,0.69438368
46,75,0.44659027,0.71989805
46,77,0.58351773,0.67371142
46,79,0.54938751,0.66224253
46,81,0.5049876,0.62495816
46,83,0.51451063,0.639745
46,85,0.39020699,0.59143156
46,87,0.5833137,0.69831854
46,89,0.57158643,0.69313031
46,91,0.51115954,0.65601689
46,93,0.47256964,0.60163426
46,95,0.48796114,0.65178782
46,97,0.56584352,0.73069566
46,99,0.45521829,0.62714899
46,101,0.50789303,0.63202703
46,102,0.24840364,0.31241944
46,103,0.42782056,0.60377824
46,105,0.55530196,0.67224973
46,107,0.55808425,0.62066573
46,109,0.45691672,0.66310835
46,111,0.55815685,0.69867617
46,115,0.57105494,0.64685518
46,117,0.52386951,0.60470772
46,119,0.62413061,0.66749865
46,121,0.30178499,0.46414623
46,123,0.52794182,0.67516971
46,125,0.57038289,0.66141945
46,127,0.52143943,0.63836807
46,129,0.49720278,0.68834472
46,135,0.49434793,0.64574021
46,137,0.38368574,0.54138815
47,0,0.379311639473684,0.558493979894737
47,1,0.38087597,0.55836517
47,3,0.38758874,0.5456847
47,5,0.37248281,0.56101036
47,7,0.41126662,0.59386665
47,9,0.37461588,0.55735403
47,11,0.37486762,0.54706895
47,13,0.35711318,0.5309934
47,15,0.41260573,0.56442314
47,17,0.39007095,0.58958364
47,19,0.36028162,0.54841971
47,21,0.39842758,0.54290575
47,23,0.39474192,0.5786823
47,25,0.38336492,0.54665154
47,27,0.41744497,0.60196018
47,29,0.35064262,0.527228
47,31,0.39557439,0.58340353
47,33,0.37640527,0.56793982
47,35,0.39205098,0.54984766
47,37,0.35509214,0.54133159
47,39,0.41179168,0.62771624
47,41,0.38730413,0.5434351
47,43,0.40143868,0.56219631
47,45,0.36140946,0.56933337
47,47,0.33418763,0.52949113
47,49,0.36449346,0.54814947
47,51,0.3945379,0.5898273
47,53,0.35932791,0.56752449
47,55,0.38008285,0.55833763
47,57,0.38071308,0.54592395
47,59,0.36166871,0.54612869
47,61,0.3889381,0.53469205
47,63,0.35783371,0.54300302
47,65,0.35301656,0.55046088
47,67,0.38425693,0.52969748
47,69,0.34753621,0.52728897
47,71,0.38925275,0.56286192
47,73,0.36921012,0.54245138
47,75,0.31953949,0.52946782
47,77,0.3846578,0.56273615
47,79,0.37534887,0.55176264
47,81,0.38483703,0.54148859
47,83,0.41098171,0.59101176
47,85,0.38878846,0.58682603
47,87,0.37578982,0.56444007
47,89,0.37141019,0.55604005
47,91,0.35657963,0.51818585
47,93,0.3602325,0.55459243
47,95,0.33154741,0.53164321
47,97,0.35393196,0.57232779
47,99,0.38200092,0.57404977
47,101,0.38793707,0.54116559
47,103,0.41405612,0.57544905
47,105,0.37602723,0.53566033
47,107,0.37986007,0.54869843
47,109,0.38462278,0.55652809
47,111,0.41042402,0.56726027
47,113,0.34448504,0.56462348
47,115,0.38235199,0.55565047
47,117,0.38198176,0.54937416
47,119,0.3699193,0.54330593
47,121,0.37347463,0.56211442
47,123,0.37495977,0.5646807
47,125,0.37216002,0.54631203
47,127,0.44952258,0.61028147
47,129,0.38531432,0.5824278
47,131,0.37508652,0.5490492
47,133,0.39765087,0.57552141
47,135,0.37251553,0.58163732
47,137,0.42832074,0.59890389
47,139,0.37386617,0.57169539
47,141,0.39504185,0.56246728
47,143,0.37086412,0.54934275
47,145,0.35640827,0.54006112
47,147,0.39402518,0.56333494
47,149,0.38541704,0.54815722
47,151,0.37750253,0.54281616
47,153,0.3554472,0.56221521
47,155,0.36616534,0.54104465
47,157,0.31822866,0.53105611
47,159,0.41190237,0.60587835
47,161,0.40899262,0.53995258
47,163,0.35718608,0.56156725
47,165,0.40631235,0.56860518
47,167,0.35908478,0.54961848
47,169,0.38320497,0.57702756
47,171,0.36653757,0.56882054
47,173,0.36554793,0.54131275
47,175,0.38386759,0.54139745
47,177,0.37481052,0.55047113
47,179,0.35660639,0.54373807
47,181,0.41273278,0.53875661
47,183,0.38108546,0.57583594
47,185,0.36978859,0.56687593
47,187,0.43447807,0.58626556
47,189,0.40067139,0.57015818
48,0,0.442737695674603,0.621125625555556
48,1,0.39933142,0.58860624
48,3,0.54313022,0.66474921
48,5,0.40251619,0.5972876
48,7,0.44396698,0.58504629
48,9,0.47960144,0.65142274
48,11,0.48240829,0.61883426
48,13,0.43785176,0.61895937
48,15,0.44262847,0.63744193
48,17,0.45072377,0.6453495
48,19,0.41130218,0.56745261
48,21,0.39969209,0.55013686
48,23,0.48146331,0.67814034
48,25,0.42976871,0.61685276
48,27,0.38150492,0.57172757
48,29,0.39763954,0.56855828
48,31,0.41617861,0.59728825
48,33,0.51119179,0.74508303
48,35,0.4154121,0.62411207
48,37,0.37213114,0.57583278
48,39,0.45193887,0.60462171
48,41,0.40521902,0.59888941
48,43,0.48156571,0.59372163
48,45,0.53149396,0.64602059
48,47,0.46043929,0.63806474
48,49,0.41986787,0.60175318
48,51,0.44433939,0.65195692
48,53,0.40914196,0.58891082
48,55,0.40088642,0.56842303
48,57,0.44452664,0.62185967
48,59,0.46301886,0.61667418
48,61,0.42624635,0.56128079
48,63,0.3853991,0.61049008
48,65,0.51317883,0.63176709
48,67,0.40611151,0.60421753
48,69,0.43991107,0.61777759
48,71,0.44866237,0.63052773
48,73,0.39653513,0.60399395
48,75,0.4231095,0.63730031
48,77,0.44790524,0.62631679
48,79,0.43910554,0.58787936
48,81,0.44959652,0.75691748
48,83,0.43546647,0.62767708
48,85,0.45394358,0.5997023
48,87,0.46057707,0.67743462
48,89,0.42540532,0.66115236
48,91,0.43416798,0.59972578
48,93,0.45486316,0.62077826
48,95,0.52415884,0.74377477
48,97,0.44585288,0.63043731
48,99,0.40343523,0.54574388
48,101,0.39484718,0.81660867
48,103,0.53925216,0.64357001
48,105,0.47646713,0.71721929
48,107,0.40937132,0.62148327
48,109,0.46897694,0.67715013
48,111,0.45967686,0.59998697
48,113,0.37589943,0.56581503
48,115,0.44701844,0.66522843
48,117,0.42450094,0.63974118
48,119,0.41349772,0.62295574
48,121,0.44373801,0.58544213
48,123,0.44684204,0.66443902
48,125,0.45186526,0.67180353
48,127,0.43902838,0.62324196
48,129,0.40681529,0.54640228
48,131,0.47473663,0.6231463
48,133,0.46302685,0.62453526
48,135,0.4858841,0.64106685
48,137,0.50898141,0.70651728
48,139,0.41296163,0.58633232
48,141,0.42117468,0.55993682
48,143,0.45399144,0.62204933
48,145,0.40163869,0.6109814
48,147,0.40095612,0.57084006
48,149,0.48260251,0.67926401
48,151,0.459178,0.63703126
48,153,0.42164025,0.6714682
48,155,0.44192326,0.52638698
48,157,0.4382951,0.60317826
48,159,0.44132471,0.59494478
48,161,0.43880776,0.62914485
48,163,0.42790347,0.61626631
48,165,0.50503486,0.68118548
48,167,0.40848082,0.58335501
48,169,0.42851636,0.65255177
48,171,0.46424899,0.63648564
48,173,0.39547464,0.71052927
48,175,0.48718569,0.66529518
48,177,0.42258596,0.63643074
48,179,0.45541066,0.63078678
48,181,0.40058738,0.57742625
48,183,0.40444586,0.60028827
48,185,0.4015308,0.60687339
48,187,0.41176385,0.58437163
48,189,0.40487853,0.59487832
48,191,0.44830352,0.69457
48,193,0.4526138,0.6419816
48,195,0.48489514,0.70760691
48,197,0.4525106,0.61216581
48,199,0.45513985,0.61460561
48,201,0.41847333,0.59116352
48,203,0.39470598,0.58764392
48,205,0.53914273,0.64802772
48,207,0.46886519,0.65821785
48,209,0.41159955,0.57749283
48,211,0.48552525,0.64402604
48,213,0.40969431,0.57583112
48,215,0.43422085,0.56921571
48,217,0.39610156,0.62183297
48,219,0.44742355,0.64042658
48,221,0.42995507,0.59365135
48,223,0.42814624,0.60551631
48,225,0.39603227,0.5961358
48,227,0.45060152,0.62991667
48,229,0.43164927,0.58859336
48,231,0.39095184,0.57424778
48,233,0.46785823,0.63170171
48,235,0.60812765,0.59316832
48,237,0.46976399,0.68155754
48,239,0.46249822,0.64343584
48,241,0.41306955,0.60953063
48,243,0.43552548,0.50126302
48,245,0.40101311,0.5867579
48,247,0.42917284,0.62054569
48,249,0.45932999,0.60916603
48,251,0.43232504,0.57558584
48,253,0.43938729,0.61704141
48,255,0.45315117,0.68160927
48,257,0.39391732,0.56723219
48,259,0.47303209,0.60703671
48,261,0.41697171,0.6351794
48,263,0.50684392,0.60579628
48,265,0.41304678,0.6041314
48,267,0.38525343,0.5714758
48,269,NA,NA
48,271,0.43010029,0.58113444
48,273,0.44121334,0.59214473
48,275,0.4526116,0.64993441
48,277,0.38877261,0.57217479
48,279,0.4184708,0.61724043
48,281,0.42475972,0.57014728
48,283,0.42044938,0.59116828
48,285,0.51137054,0.72428036
48,287,0.44259998,0.64812303
48,289,0.46870422,0.63871902
48,291,0.43195239,0.58623266
48,293,0.3974745,0.61191207
48,295,0.56081539,0.67326522
48,297,0.47196448,0.61559105
48,299,0.43429258,0.58489352
48,301,NA,NA
48,303,0.39573172,0.59896845
48,305,0.39801472,0.57172865
48,307,0.45341477,0.58924776
48,309,0.37387672,0.59208363
48,311,0.40198398,0.8954832
48,313,0.40095058,0.55679548
48,315,0.39820769,0.52472854
48,317,0.50581974,0.63902402
48,319,0.52247471,0.62132233
48,321,0.44488379,0.5995183
48,323,0.45269269,0.62952584
48,325,0.42984411,0.61297214
48,327,0.38886821,0.74499947
48,329,0.48224217,0.64959067
48,331,0.43101338,0.62021804
48,333,0.5088861,0.63543314
48,335,0.46863002,0.68654054
48,337,0.48217112,0.62806588
48,339,0.4421981,0.59947079
48,341,0.44145736,0.6212855
48,343,0.4003447,0.59916437
48,345,0.41590071,0.56002647
48,347,0.39081571,0.60407126
48,349,0.39063919,0.6119386
48,351,0.39614344,0.60184342
48,353,0.42455965,0.61532432
48,355,0.41893426,0.58253008
48,357,0.51969689,0.68768078
48,359,0.46796575,0.66482544
48,361,0.43300965,0.60291046
48,363,0.41776469,0.59362674
48,365,0.44320121,0.64724851
48,367,0.44140595,0.59418166
48,369,0.44634131,0.66023999
48,371,0.50219679,0.61185443
48,373,0.41557303,0.59680188
48,375,0.38451529,0.57179093
48,377,0.46223339,0.65789717
48,379,0.41488081,0.60745829
48,381,0.45808455,0.61106211
48,383,0.52718776,0.70179695
48,385,0.4328301,0.51683265
48,387,0.4044407,0.61611909
48,389,0.49530956,0.60764545
48,391,0.45862758,0.64835024
48,393,0.60016263,0.60570133
48,395,0.39409891,0.58054429
48,397,0.45091552,0.59875274
48,399,0.43726292,0.65655088
48,401,0.42364955,0.60856634
48,403,0.47390556,0.56778044
48,405,0.38396072,0.64960134
48,407,0.41709203,0.56087959
48,409,0.44429055,0.60510314
48,411,0.43184859,0.6466369
48,413,0.49143574,0.72769982
48,415,0.46248981,0.6412673
48,417,0.43966123,0.66125536
48,419,0.41976452,0.63340193
48,421,0.52187091,0.6550256
48,423,0.40057874,0.5843237
48,425,0.4950605,0.63024849
48,427,0.4592663,0.5900262
48,429,0.43010625,0.59182614
48,431,0.44092748,0.79037917
48,433,0.49008301,0.7912485
48,435,0.4879806,0.67956007
48,437,0.42682654,0.61168128
48,439,0.39986667,0.57534218
48,441,0.42067429,0.60845107
48,443,0.5141812,0.44488749
48,445,0.4159402,0.62513053
48,447,0.520024,0.66976058
48,449,0.38507792,0.59104025
48,451,0.41553217,0.58868819
48,453,0.39073342,0.56518507
48,455,0.40777615,0.5864116
48,457,0.44028082,0.57761973
48,459,0.43058187,0.58992898
48,461,0.58243614,0.73429251
48,463,0.42372495,0.60663337
48,465,0.45489299,0.57816511
48,467,0.43018118,0.58912742
48,469,0.42922232,0.60183609
48,471,0.40679318,0.59677809
48,473,0.42171067,0.59066635
48,475,0.5208708,0.66402084
48,477,0.42181206,0.64112544
48,479,0.41624326,0.57383549
48,481,0.40717557,0.64100659
48,483,0.49311015,0.72416008
48,485,0.41278672,0.59305191
48,487,0.39849624,0.60932577
48,489,0.41823342,0.59769148
48,491,0.44164768,0.58806849
48,493,0.44670323,0.61587602
48,495,0.52421725,0.66499627
48,497,0.46766007,0.60034806
48,499,0.43994939,0.59465456
48,501,0.51737344,0.65404356
48,503,0.46433187,0.652547
48,505,0.47575295,0.65015525
48,507,0.43483034,0.57516801
49,0,0.49807596137931,0.622225434482759
49,1,0.52820009,0.64735031
49,3,0.47520891,0.61037296
49,5,0.49140003,0.60869533
49,7,0.44646707,0.6036405
49,9,0.47970551,0.74278802
49,11,0.47799587,0.60812509
49,13,0.52213639,0.66632223
49,15,0.49079612,0.62620103
49,17,0.58106065,0.66163528
49,19,0.46442679,0.5969224
49,21,0.45985511,0.6032306
49,23,0.47875315,0.62249917
49,25,0.47130415,0.60295194
49,27,0.53519493,0.63555938
49,29,0.5412398,0.64497936
49,31,0.59049457,0.63943374
49,33,0.5400449,0.66634458
49,35,0.45413134,0.59559923
49,37,0.47108415,0.58594322
49,39,0.47790322,0.62430215
49,41,0.48767856,0.61878979
49,43,0.56058908,0.61893225
49,45,0.44071734,0.57368189
49,47,0.53525269,0.66118073
49,49,0.48925093,0.60052735
49,51,0.5232498,0.606233
49,53,0.46801808,0.5825274
49,55,0.52390552,0.5982911
49,57,0.43813813,0.59147757
50,0,0.439578842142857,0.586038573571429
50,1,0.44529819,0.58923215
50,3,0.43400648,0.57361418
50,5,0.44201702,0.58761001
50,7,0.42985603,0.60045838
50,9,0.41684607,0.57094842
50,11,0.45016715,0.58656991
50,13,0.44355068,0.57716012
50,15,0.4362404,0.57610846
50,17,0.43335241,0.57736164
50,19,0.44846994,0.59971744
50,21,0.44143957,0.60070968
50,23,0.46262053,0.59572822
50,25,0.42705536,0.56738609
50,27,0.44318396,0.60193533
51,0,0.395850880827068,0.57529793593985
51,1,0.39668337,0.56803888
51,3,0.42378911,0.58379889
51,5,0.39861944,0.59861374
51,7,0.38895157,0.54243785
51,9,0.40852979,0.58445853
51,11,0.38499621,0.59635741
51,13,0.46281385,0.59880149
51,15,0.42428565,0.56639171
51,17,0.46435922,0.61782587
51,19,0.39864248,0.59194022
51,21,0.44452465,0.55528295
51,23,0.43311757,0.57433528
51,25,0.36184171,0.57266653
51,27,0.4691408,0.62345028
51,29,0.36150408,0.58020335
51,31,0.40702936,0.58957607
51,33,0.37686071,0.53815687
51,35,0.38452122,0.57827139
51,36,0.38371271,0.53707671
51,37,0.38205841,0.56967109
51,41,0.40921095,0.5796681
51,43,0.4364804,0.5859682
51,45,0.36933729,0.58960068
51,47,0.38800779,0.55738789
51,49,0.35641685,0.54128361
51,51,0.4218004,0.58829522
51,53,0.36218694,0.54830784
51,57,0.40704662,0.56304353
51,59,0.51112968,0.6361708
51,61,0.41864818,0.58331412
51,63,0.42835999,0.57756501
51,65,0.38828513,0.5686056
51,67,0.39638251,0.55712277
51,69,0.41383007,0.58345348
51,71,0.3937988,0.57977772
51,73,0.40517917,0.57589096
51,75,0.38416347,0.58017331
51,77,0.38430697,0.59309506
51,79,0.38141575,0.56054389
51,81,0.34149846,0.59822196
51,83,0.364398,0.57758623
51,85,0.43410647,0.59402329
51,87,0.38742572,0.57141954
51,89,0.36869702,0.56299394
51,91,0.45947635,0.5945254
51,93,0.37956876,0.5688355
51,95,0.38955265,0.59101403
51,97,0.40510106,0.60754782
51,99,0.38729626,0.582371
51,101,0.39119008,0.56959206
51,103,0.396009,0.57684731
51,105,0.37982893,0.61657888
51,107,0.49527624,0.62049395
51,109,0.37311447,0.55656832
51,111,0.3698197,0.61526334
51,113,0.40125242,0.5863232
51,115,0.42852098,0.5769127
51,117,0.35999188,0.59154266
51,119,0.41379911,0.58621234
51,121,0.40227202,0.58761847
51,125,0.40518695,0.56133348
51,127,0.44059747,0.56039685
51,131,0.36284214,0.57297087
51,133,0.41456681,0.58184093
51,135,0.36071733,0.57137316
51,137,0.3993834,0.55662096
51,139,0.40231007,0.55514967
51,141,0.40190187,0.62657267
51,143,0.37591249,0.57617944
51,145,0.41520038,0.56846702
51,147,0.36162248,0.57140249
51,149,0.39288318,0.55775732
51,153,0.43390542,0.58735698
51,155,0.35317874,0.56289059
51,157,0.47069612,0.56508875
51,159,0.39217684,0.62497157
51,161,0.4217622,0.5887168
51,163,0.40741509,0.5734086
51,165,0.42741969,0.59058326
51,167,0.42082796,0.58622921
51,169,0.39151242,0.59034669
51,171,0.43203691,0.59133106
51,173,0.37587297,0.55611318
51,175,0.38308978,0.56363046
51,177,0.40408307,0.57055086
51,179,0.4260841,0.58443016
51,181,0.38775831,0.5470143
51,183,0.36032462,0.59201646
51,185,0.41694725,0.59235018
51,187,0.41777122,0.561813
51,191,0.38098025,0.54756045
51,193,0.38238847,0.54950422
51,195,0.38816714,0.554331
51,197,0.39861265,0.58089447
51,199,0.42852077,0.59725261
51,510,0.43009669,0.58276719
51,520,0.37831053,0.56978482
51,530,0.37240055,0.57901019
51,540,0.35528252,0.56112164
51,550,0.38100606,0.55914086
51,570,0.42654896,0.59370261
51,580,0.37672833,0.60419786
51,590,0.33381909,0.53150749
51,595,0.32023576,0.55525011
51,600,0.51237965,0.61169457
51,610,0.50038087,0.61247414
51,620,0.36709273,0.57411587
51,630,0.37464082,0.55530006
51,640,0.36551464,0.6071474
51,650,0.37049267,0.54091865
51,660,0.40140036,0.58596635
51,670,0.35406482,0.52666104
51,678,0.42037919,0.61722422
51,680,0.35788783,0.57410657
51,683,0.43691581,0.60157192
51,685,0.41096577,0.55358744
51,690,0.31427053,0.52335668
51,700,0.36231923,0.56089354
51,710,0.34708124,0.53878701
51,720,0.38600317,0.58402699
51,730,0.30953476,0.46914953
51,735,0.462311,0.61157233
51,740,0.34396493,0.52067286
51,750,0.36301178,0.58839357
51,760,0.3109512,0.51362753
51,770,0.33756897,0.53050101
51,775,0.40463948,0.58023334
51,790,0.38494247,0.5566653
51,800,0.3524369,0.56023824
51,810,0.40409806,0.5715028
51,820,0.37388992,0.57008582
51,830,0.36738774,0.58190006
51,840,0.40239111,0.58820331
53,0,0.437911595641026,0.587334844871795
53,1,0.45146132,0.65329146
53,3,0.41148183,0.58113104
53,5,0.43548444,0.5823853
53,7,0.43931967,0.59607637
53,9,0.41539603,0.5583843
53,11,0.42882645,0.56470799
53,13,0.43658987,0.63000083
53,15,0.395531,0.56382751
53,17,0.43682402,0.59987932
53,19,0.43534043,0.60183597
53,21,0.42117432,0.58980441
53,23,0.48261648,0.63997197
53,25,0.42928672,0.60211831
53,27,0.41536888,0.57795626
53,29,0.4472104,0.57287747
53,31,0.438905,0.56187296
53,33,0.45312586,0.5895406
53,35,0.42488608,0.56656265
53,37,0.49629563,0.61589015
53,39,0.4329097,0.57761079
53,41,0.42201695,0.57991165
53,43,0.52511251,0.66460961
53,45,0.39598638,0.54963762
53,47,0.44186184,0.58384645
53,49,0.43783805,0.59913629
53,51,0.45692343,0.60105574
53,53,0.41604432,0.56726128
53,55,0.4566128,0.55484635
53,57,0.43779993,0.57761657
53,59,0.41948113,0.5658223
53,61,0.45004418,0.57871252
53,63,0.42490393,0.57989335
53,65,0.44440252,0.58875519
53,67,0.4247748,0.56863052
53,69,0.44333866,0.54860765
53,71,0.42130429,0.57187831
53,73,0.44325513,0.58812624
53,75,0.48012689,0.62527341
53,77,0.40869036,0.58671224
54,0,0.416717778181818,0.591582807090909
54,1,0.45548418,0.5890103
54,3,0.38061044,0.56142676
54,5,0.39686668,0.54065013
54,7,0.43297413,0.63712436
54,9,0.40250942,0.59397513
54,11,0.36893839,0.56104243
54,13,0.4745855,0.6466679
54,15,0.42534333,0.56533426
54,17,0.43227404,0.63006449
54,19,0.41605961,0.5802933
54,21,0.43647057,0.62482965
54,23,0.39847219,0.61497849
54,25,0.40947682,0.59049231
54,27,0.40226078,0.60803962
54,29,0.39672202,0.59594518
54,31,0.41217995,0.56378883
54,33,0.42397833,0.61494529
54,35,0.39311758,0.59536076
54,37,0.38936555,0.55702174
54,39,0.38050783,0.56158668
54,41,0.42955923,0.61154234
54,43,0.41134503,0.55319995
54,45,0.39443293,0.54596663
54,47,0.37073523,0.5179224
54,49,0.42948195,0.61036378
54,51,0.45522022,0.62748712
54,53,0.39196849,0.56672525
54,55,0.381374,0.57172298
54,57,0.41707379,0.60266531
54,59,0.40481827,0.57228655
54,61,0.43176028,0.60634679
54,63,0.43971238,0.57803136
54,65,0.40254909,0.56612325
54,67,0.42141983,0.58449608
54,69,0.42190182,0.61403048
54,71,0.43508109,0.62939125
54,73,0.48239341,0.61506855
54,75,0.41511455,0.54866725
54,77,0.44848606,0.64608777
54,79,0.41490504,0.56834412
54,81,0.40020555,0.57317847
54,83,0.40600058,0.58503038
54,85,0.41655013,0.64293563
54,87,0.41699594,0.59835023
54,89,0.39783511,0.57817698
54,91,0.41157141,0.620489
54,93,0.45519081,0.6775316
54,95,0.44316429,0.6173411
54,97,0.44054127,0.62099642
54,99,0.39207786,0.57184178
54,101,0.43224537,0.63253981
54,103,0.43513608,0.58649379
54,105,0.42748761,0.55851781
54,107,0.39263654,0.57743293
54,109,0.42430922,0.52715164
55,0,0.460549809027778,0.615056900555556
55,1,0.40926808,0.57162207
55,3,0.4398492,0.60766822
55,5,0.47642335,0.63146323
55,7,0.45997739,0.58599937
55,9,0.44847515,0.62100428
55,11,0.51301509,0.65303147
55,13,0.45561081,0.59629822
55,15,0.49285743,0.64354724
55,17,0.48345125,0.62507302
55,19,0.49571508,0.64610463
55,21,0.45611382,0.60447925
55,23,0.46712586,0.63318557
55,25,0.43010265,0.60243165
55,27,0.45906836,0.61786979
55,29,0.50136667,0.61445975
55,31,0.43560475,0.61178243
55,33,0.47370669,0.63056833
55,35,0.44859952,0.60778469
55,37,0.45735937,0.62043881
55,39,0.4605431,0.63549519
55,41,0.45994213,0.61825055
55,43,0.51518267,0.65142936
55,45,0.47452295,0.62539548
55,47,0.46286643,0.64237845
55,49,0.50928736,0.63960707
55,51,0.42444006,0.59856993
55,53,0.44170102,0.60922635
55,55,0.46513158,0.61025816
55,57,0.44895756,0.59935981
55,59,0.38593858,0.5676831
55,61,0.48333654,0.64842105
55,63,0.4561184,0.61454916
55,65,0.51928043,0.66389042
55,67,0.43578655,0.60067302
55,69,0.4367581,0.62886393
55,71,0.46936321,0.62632185
55,73,0.47811922,0.62675512
55,75,0.44831753,0.62047696
55,77,0.4425424,0.59683692
55,78,0.27423379,0.45829681
55,79,0.36294535,0.57346022
55,81,0.44947651,0.60603809
55,83,0.45696345,0.62086755
55,85,0.44890639,0.60066372
55,87,0.46785104,0.62587613
55,89,0.48989257,0.63152128
55,91,0.54970735,0.65670151
55,93,0.53239816,0.64814055
55,95,0.48797402,0.61021757
55,97,0.47804737,0.6147213
55,99,0.50338387,0.61867738
55,101,0.39205289,0.58195287
55,103,0.47576597,0.60046357
55,105,0.39698279,0.57952607
55,107,0.47437027,0.64402509
55,109,0.4993405,0.62668729
55,111,-0.0375933,0.62159276
55,113,0.41182184,0.57861412
55,115,0.4615739,0.6138317
55,117,0.46229032,0.61234075
55,119,0.50139439,0.64849073
55,121,0.50556678,0.63584054
55,123,0.47194624,0.64033061
55,125,0.47800592,0.60296547
55,127,0.44411889,0.58912498
55,129,0.44290963,0.6071381
55,131,0.47980195,0.62789375
55,133,0.47150677,0.62247503
55,135,0.47164854,0.60903633
55,137,0.43297023,0.59461755
55,139,0.43941084,0.60762221
55,141,0.48092645,0.62509131
56,0,0.505609706956522,0.63549949826087
56,1,0.47532144,0.59855348
56,3,0.5100556,0.62700915
56,5,0.52075905,0.64390081
56,7,0.44514847,0.61210954
56,9,0.51451492,0.66176587
56,11,0.60546488,0.68917197
56,13,0.47711253,0.63755226
56,15,0.50003821,0.65742302
56,17,0.54999864,0.6735366
56,19,0.5391863,0.66718268
56,21,0.4432556,0.59426403
56,23,0.54061657,0.63217229
56,25,0.47916022,0.63090998
56,27,0.55414099,0.58195484
56,29,0.50351298,0.61163247
56,31,0.51550686,0.672732
56,33,0.49311802,0.61585307
56,35,0.51982349,0.66858512
56,37,0.4862521,0.6208517
56,39,0.5336684,0.62343621
56,41,0.48714781,0.6415683
56,43,0.45380688,0.61751789
56,45,0.4814133,0.63680518
72,0,0.309849771971831,0.391486203577465
72,1,0.12217042,-0.2798436
72,3,0.26001903,0.094783612
72,5,0.41064456,0.5307408
72,7,0.30606252,0.25205344
72,9,0.25791806,0.22036807
72,11,0.38808221,0.58264768
72,13,0.39344442,0.50528318
72,15,0.33900851,0.67623502
72,17,NA,NA
72,19,0.32836175,0.47312739
72,21,0.33463153,0.35363147
72,23,0.33475873,0.47661135
72,25,0.32586449,0.48384404
72,27,0.30973387,0.52030164
72,29,0.23412691,0.11827999
72,31,0.32778758,0.39008194
72,33,0.33536902,0.3876951
72,35,0.35592961,0.50623894
72,37,0.27285492,0.50024515
72,39,0.32179943,0.28850892
72,41,0.34319299,0.55638379
72,43,0.3450976,0.28908518
72,45,0.21593525,0.20143488
72,47,0.41557342,0.50613141
72,49,NA,NA
72,51,0.35952288,0.49503088
72,53,0.30533907,0.33070356
72,54,NA,NA
72,55,0.32757279,0.5745647
72,57,0.374028,0.61169475
72,59,0.32607883,0.47389045
72,61,0.36254182,0.44580108
72,63,0.33701646,0.37017119
72,65,0.27372199,0.44984749
72,67,NA,NA
72,69,0.25068519,0.26339105
72,71,0.3184675,0.33265409
72,73,0.32647637,0.5443604
72,75,0.30875459,0.38545337
72,77,0.24208304,0.26157916
72,79,0.33769408,0.40168321
72,81,0.30856186,0.42718849
72,83,NA,NA
72,85,0.27154571,0.3396692
72,87,0.23713009,0.34014133
72,89,0.32692531,0.55633557
72,91,0.23735295,0.3223505
72,93,NA,NA
72,95,0.25117508,0.28992292
72,97,0.4402529,0.72073424
72,99,0.339008,0.54397947
72,101,0.32689971,0.50313103
72,103,0.31961402,0.40595892
72,105,0.25365046,0.36568838
72,107,0.29784316,0.29202327
72,109,0.30021793,0.048741072
72,111,0.40701595,0.67146754
72,113,0.35027969,0.40857714
72,115,0.31420597,0.49308097
72,117,0.22793153,0.14530428
72,119,0.36108392,0.42420641
72,121,0.25191286,0.35421821
72,123,0.28295177,0.29904085
72,125,0.37713903,0.46341807
72,127,0.37858343,0.43332154
72,129,0.30532643,0.47261125
72,131,0.32080895,0.43095282
72,133,0.23387031,0.108945
72,135,0.3430512,0.51032698
72,137,0.32803547,0.44835007
72,139,0.30549833,0.43031216
72,141,0.28421807,0.33515221
72,143,0.26739442,0.45728669
72,145,0.25257662,0.38650692
72,147,NA,NA
72,149,0.21286462,0.1250053
72,151,0.25601703,0.3000668
72,153,0.30004159,0.36681008
